-3.39989680082592e-05,1.1364809081524903e-05,6.354489164083887e-06,-9.120227038185826e-06,2.6934984520073264e-06,8.07791537667463e-06,-8.535861713106696e-05,3.7048503611944276e-06,1.7285861713066918e-06,0.001746320949432393,-0.0007783075335397443,-1.0330237358103459e-05,5.771413828687365e-06,3.8570691434434805e-06,3.446852425180295e-05,0.001544494324045395,-0.00043644736842106315,-3.439628482972525e-05,0.0006591382868936999,-9.963880288960201e-06,0.0001668524251805933,-0.0006209107327141495,-1.4579463364296176e-05,-6.799793601651753e-05,-1.1119711042320481e-05,-1.364809081531599e-06,1.3013415892665445e-05,-3.628998968008713e-05,4.324045407633811e-06,9.716202270377856e-06,7.460010319916815e-05,-5.504643962848856e-05,1.9262125902989565e-05,0.0011085165118678957,0.0011085165118679015,0.0011085165118679015,0.0011085165118679015,0.0011085165118679015,0.0011085165118679015,0.0011085165118679015,0.0011085165118679015,0.0011085165118679015,-8.926728586198997e-07,-3.281733746132807e-06,-5.713106295150228e-05,6.611971104230566e-05,-3.4365325077441704e-06,-9.994840041282127e-06,-5.572755417985673e-07,6.096233230133089e-05,2.3986068111447618e-05,0.00010611197110422903,3.294633642927664e-06,8.893188854486355e-06,5.239938080492824e-06,0.001460420536635699,2.9876160990709123e-05,2.4246646026828073e-05,-5.666150670795159e-05,-8.454592363264096e-06,0.00036076109391124317,0.0010554463364292966,1.3457172342617963e-05,-1.0694014447887009e-05,1.6568627450977468e-05,4.5430856553144335e-05,1.733746130027844e-06,-4.244066047474817e-06,-2.1671826625406596e-06,7.342621259026237e-06,-2.62641898865143e-06,-5.9019607843144306e-05,-2.9566563467524776e-06,4.069401444787603e-05,-1.105263157894984e-05,0.0002214705882352913,7.665376676986384e-05,-5.203818369455384e-06,7.239422084620757e-06,-0.0005445123839009402,-0.001063859649122821,-9.371001031992406e-05,-1.1509287925700468e-05,4.953560371497284e-07,-0.0003887100103199294,-0.0003237487100103296,0.0002711429308565479,0.0003416382868937011,-3.998710010320828e-05,5.418730650154141e-05,0.000762053663570684,0.0003122497420020593,-0.0007773065015479995,-2.815531475749023e-05,0.00040536635706913283
-3.42827657378766e-05,1.2061403508769426e-05,5.5211558307513824e-06,-2.278379772962017e-05,-3.928534571724174e-05,5.928792569656919e-06,-9.746130030960191e-05,3.095717234261942e-05,-6.790505675957495e-06,0.0016859391124870952,-0.000684401444788452,-1.914344685242735e-05,4.827141382866785e-06,5.350877192978731e-06,1.5337977296178912e-05,0.0013424458204334255,-0.0003919117647058915,-4.027605779154055e-05,0.000672412280701749,-1.2804437564501716e-05,0.00017077915376676345,-0.0005488415892672986,-8.498452012386734e-06,-5.988132094943838e-05,8.841589267277652e-06,2.392156862744731e-05,3.08875128998908e-05,-4.285861713106587e-05,3.3875128998951762e-06,-5.577915376680804e-06,6.537409700721822e-05,1.5823013415882867e-05,3.880288957684762e-06,0.000899708462332293,0.0008997084623323091,0.0008997084623323091,0.0008997084623323091,0.0008997084623323091,0.0008997084623323091,0.0008997084623323091,0.0008997084623323091,0.0008997084623323091,3.743550051597431e-06,-1.5325077399408558e-06,-7.384932920537343e-05,6.630030959751477e-05,1.1674406604743944e-05,-1.0198658410735762e-05,-7.291021671829677e-06,0.00016082817337460028,-8.188854489170078e-06,0.00010752837977295892,-4.904540763676262e-06,-3.575851393192945e-06,4.579463364290945e-06,0.00137296439628482,1.2791537667695366e-05,8.292053663567752e-06,-3.8209494324052164e-05,-8.32043343653474e-06,0.0003634752321981364,0.0010407094943240347,1.803405572755115e-05,2.868937048500263e-06,2.2143962848294877e-05,4.261609907120468e-05,-6.976264189888833e-06,-2.10010319917674e-06,-3.7409700722607075e-07,-6.4834881320990304e-06,1.8882868937045378e-05,-6.05675954592445e-05,2.579979360142412e-07,1.9809081527338238e-05,3.095975231867318e-08,0.00021411506707945697,7.605005159958401e-05,-6.847265221881062e-06,2.4251805985360357e-07,-0.0005789989680082628,-0.0011294633642930972,-0.0001253482972136278,1.5608875128972181e-06,-4.574303405575431e-06,-0.0003382997936016638,-0.0003011816305469664,0.0002572394220846158,0.00033261093911248233,-4.752321981424824e-05,4.460268317852756e-05,0.0007469762641898765,0.00029739938080494775,-0.0007841253869969164,-5.460010319918284e-05,0.0003862770897832728
-4.293343653251152e-05,1.2809597523217447e-05,1.0856553147572511e-05,-2.2334881320951704e-05,-3.264189886481453e-05,1.3271413828686626e-05,-9.948142414861272e-05,2.0358617131060932e-05,-9.67492260064897e-07,0.001823720330237348,-0.000696488648090827,-2.1829205366359888e-05,8.926728586146956e-07,-1.082559339525644e-05,4.349845201235452e-06,0.0014900128998967845,-0.0003634855521155913,-3.7997936016514414e-05,0.0006725309597523125,-7.438080495357794e-06,0.00017927760577914932,-0.0005406733746130153,-2.2332301341592645e-05,-5.7301341589273413e-05,2.3503611971029646e-06,7.164602683175109e-06,3.302631578946773e-05,-3.9269865841075466e-05,1.0577915376388733e-07,-1.6034571723429723e-05,7.413312693497955e-05,-1.611197110424397e-05,2.003611971103966e-05,0.0010292105263157722,0.0010292105263157865,0.0010292105263157865,0.0010292105263157865,0.0010292105263157865,0.0010292105263157865,0.0010292105263157865,0.0010292105263157865,0.0010292105263157865,8.720330237331226e-07,-1.7260061919532714e-06,-6.587719298246095e-05,6.835913312692749e-05,3.286893704847237e-06,-5.363777089786165e-06,-3.3539731685754484e-08,0.00011138802889575951,-3.929308565538744e-06,9.749999999999711e-05,-8.668730650180419e-07,-2.8844169246665385e-06,1.039731682144331e-06,0.0015188261093911134,1.0784313725486572e-05,1.7561919504640753e-05,-4.7817337461304905e-05,-2.7502579979389163e-06,0.00035806501547987245,0.0011180134158926642,1.117131062951227e-05,-6.537667698661587e-06,1.8279153766765765e-05,3.764963880288738e-05,-7.765737874134912e-07,-1.0157378740972183e-05,-1.950464396287613e-06,-8.384932920564754e-07,3.6326109391084885e-06,-5.607327141383522e-05,-5.105779153769972e-06,2.2657378740964518e-05,6.955624355002923e-06,0.00022292053663570217,6.78482972136193e-05,-6.449948400444935e-07,1.6873065015448468e-06,-0.0005646104231166243,-0.0011351160990712194,-9.486068111455841e-05,-2.9153766770238093e-07,4.927760577878512e-07,-0.00037753095975233495,-0.00031739164086688147,0.0002651934984520066,0.0003343085655314712,-2.977554179567311e-05,4.687048503611334e-05,0.0008155185758513825,0.0003034210526315722,-0.0008087796697626541,-1.5167698658421006e-05,0.0004428121775025681
-3.385964912280999e-05,1.2376160990709836e-05,9.530443756447168e-06,-1.2298761609910551e-05,6.566047471616432e-06,1.0781733746127297e-05,-9.283539731682602e-05,1.0100619195044496e-05,-8.895768833853002e-06,0.0016772213622290944,-0.000679311145510844,-1.0848813209497722e-05,-8.875128998989644e-07,-1.700464396285281e-05,4.600103199171651e-06,0.0015324896800825508,-0.00038785603715171205,-3.7577399380807515e-05,0.0005339938080495279,3.722910216714774e-06,0.0001790376676986524,-0.000546537667698666,-2.1434468524254846e-05,-7.656862745098521e-05,-1.361713106295655e-05,1.5712074303356194e-06,-3.373323013416366e-05,-3.91563467492292e-05,-2.698658410734984e-06,-1.8640350877198713e-05,5.234262125902462e-05,-0.0001043059855521276,1.5389576883381977e-05,0.0011222162022703685,0.0011222162022703763,0.0011222162022703763,0.0011222162022703763,0.0011222162022703763,0.0011222162022703763,0.0011222162022703763,0.0011222162022703763,0.0011222162022703763,-4.231166150672804e-06,-2.182662538701731e-06,-3.805727554180181e-05,6.374097007223354e-05,-1.9437564499487706e-05,6.8446852425144145e-06,6.896284829718997e-06,-7.656862745098955e-05,2.6630546955618527e-05,9.609133126934656e-05,7.0562435500484775e-06,-1.0242518059884638e-06,-2.004643962851254e-06,0.0014207352941176367,9.558823529408952e-06,1.2469040247675396e-05,-4.8949948400419784e-05,9.171826625383687e-06,0.0003546362229102126,0.0010124251805985439,1.4953560371512705e-05,-2.946336429312992e-06,1.619711042311436e-05,4.344685242517769e-05,7.549019607841099e-06,-9.38338493292317e-06,-3.366873065018157e-06,-4.540763673894447e-06,-1.1509287925700034e-05,-5.4989680082563695e-05,-7.941176470590986e-06,4.1795665634668765e-05,1.2069143446848335e-05,0.00023216718266253367,7.047987616098862e-05,9.401444788438096e-06,6.630546955620426e-06,-0.00041305211558308446,-0.0010582223942208584,-9.640350877193572e-05,4.834881320945261e-06,7.4664602683145904e-06,-0.00048496646026832853,-0.0003365402476780306,0.00028175696594426834,0.0003462151702786323,-6.358875128999577e-05,5.3508771929818965e-05,0.0007514422084623244,0.00032165892672858217,-0.0008239654282765864,5.062177502579337e-05,0.00043553921568626613
-2.708720330237566e-05,1.4827141382867028e-05,8.926728586169073e-06,1.2951496387997308e-06,2.355263157894109e-05,1.1460268317850823e-05,-7.926212590299731e-05,1.3679050567591078e-05,1.0337977296177164e-05,0.0016527141382868841,-0.0007578663570691514,5.830753353958714e-07,4.396284829718449e-06,5.939112487096405e-06,1.160216718265909e-05,0.00156454850361196,-0.0004697162022703934,-3.550825593395552e-05,0.0005324716202270321,5.6501547987578525e-06,0.00016708204334364707,-0.0006291795665634807,-1.4883900928794498e-05,-0.00010053405572755993,-1.5012899896805956e-05,-1.3209494324093948e-06,-4.6413828689377025e-05,-3.6661506707948936e-05,5.23219814241218e-06,3.240454076361421e-06,5.548245614034721e-05,-0.00012788699690403915,6.375128998965026e-06,0.001167832817337451,0.0011678328173374628,0.0011678328173374628,0.0011678328173374628,0.0011678328173374628,0.0011678328173374628,0.0011678328173374628,0.0011678328173374628,0.0011678328173374628,-5.443756449985057e-07,4.3317853457148885e-06,-4.8952528379776674e-05,6.295407636738252e-05,-2.2014963880293177e-05,3.544891640862779e-06,7.030443756445752e-06,-7.098039215687121e-05,3.9530443756443344e-05,0.00010167182662538382,5.2837977296169795e-06,1.2959236326104406e-05,5.2450980392131086e-06,0.0013896826625386912,9.197626418984244e-06,7.647058823526294e-06,-4.533539731682839e-05,2.479360165114639e-06,0.0003613596491228023,0.0009683049535603606,2.9927760577890504e-06,-1.1790505675987432e-06,5.988132094941062e-06,4.896800825593189e-05,6.3983488132065246e-06,-3.516511867907501e-06,3.4416924664575164e-06,1.2564499483998497e-05,-1.573529411765147e-05,-7.440144478844868e-05,-3.6635706914371364e-06,5.0232198142407744e-05,-4.563983488134211e-06,0.00022580237358100531,7.646284829721092e-05,1.5660474716172861e-06,2.3735810113136718e-07,-0.0003951728586171401,-0.001037832817337471,-0.00010306759545924363,-2.5283797729660183e-06,3.1475748193672375e-07,-0.00047629772961817456,-0.00035081269349846334,0.0002794117647058774,0.00035011351909184155,-7.425954592363716e-05,5.7481940144472974e-05,0.0007165325077399289,0.000322631578947363,-0.0008095381836945442,4.706398348812164e-05,0.0004143266253869883
-3.280701754386321e-05,1.1527347781213658e-05,8.565531475745016e-06,7.094943240426328e-07,9.674922600549224e-07,1.1323529411761974e-05,-8.300825593395749e-05,1.3459752321977672e-05,3.1811145510779286e-06,0.0016060990712074242,-0.0005761738906088837,3.4262125902957945e-06,4.558823529408505e-06,-3.235552115583677e-05,3.6351909184690646e-06,0.0014804695562435355,-0.00032859391124872,-3.737100103199439e-05,0.0005394788441692383,9.932920536602496e-07,0.0001784700722394163,-0.0004638519091847383,-2.274509803921825e-05,-9.10371517027944e-05,-1.2076883384940038e-05,2.0872033023688723e-06,-4.663312693499108e-05,-3.742002063983709e-05,-5.288957688367839e-07,-4.940402476780702e-05,5.619969040247287e-05,-0.00011009803921569524,2.499999999995995e-06,0.0010842466460268107,0.0010842466460268322,0.0010842466460268322,0.0010842466460268322,0.0010842466460268322,0.0010842466460268322,0.0010842466460268322,0.0010842466460268322,0.0010842466460268322,3.4571723426172866e-06,2.476780185723705e-07,-4.3970588235300694e-05,6.794375644994218e-05,-1.4912280701759751e-05,2.992776057758693e-07,-4.772961816343693e-07,-0.00013372807017544754,2.2391640866867464e-05,9.498194014447492e-05,-4.287925696597238e-06,3.8544891640826875e-06,2.3142414860655245e-06,0.0013655908152734693,3.900928792564817e-06,2.4587203302337164e-06,-4.030701754386551e-05,-1.155830753358329e-06,0.0003382868937048464,0.0009496775025799728,1.5312177502577488e-05,6.934984520119616e-06,1.2910216718262351e-05,4.4788441692463236e-05,-2.920536635710484e-06,2.4406604747138037e-06,-1.2358101135218763e-06,4.7033023735771305e-06,-8.356553147580853e-06,-6.598813209495033e-05,3.348813209490438e-06,4.030959752321416e-05,1.4793601651182358e-05,0.00022249742002063535,7.091847265221544e-05,-4.4633642931200986e-07,6.199690402474041e-06,-0.0004401264189886579,-0.0010296130030959857,-9.155572755418498e-05,1.125128998967712e-05,2.5464396284796426e-06,-0.0005139525283797816,-0.00031869453044376835,0.00026638286893704245,0.0003286971104231114,-6.692208462332839e-05,5.5224458204329065e-05,0.000693529411764697,0.00030401444788441187,-0.0008236635706914469,1.0588235294107726e-05,0.00038526573787408744
-4.4901960784316875e-05,1.1437048503609758e-05,1.2376160990710703e-05,-8.534571723428728e-06,-2.1344169246650512e-05,1.3191434468521994e-05,-0.00012404798761610387,1.7425180598552555e-05,1.5242518059852559e-05,0.0016971388028895647,-0.0006169195046439755,-7.972136222912912e-06,6.842105263155139e-06,1.4468524251803113e-05,1.1529927760575102e-05,0.0014756656346749117,-0.00032644478844170207,-3.6736326109393065e-05,0.0005666640866873011,-8.03663570691734e-06,0.0002094298245614002,-0.00048263673890609846,-2.9997420020642972e-05,-4.614551083591918e-05,-1.4891640866879479e-05,-1.4112487100139456e-06,-1.5719814241491048e-05,-3.829721362229332e-05,3.21207430340289e-06,1.9349845201193858e-06,3.6408668730645005e-05,-9.534571723427126e-05,7.848297213619354e-06,0.00105683694530442,0.0010568369453044357,0.0010568369453044357,0.0010568369453044357,0.0010568369453044357,0.0010568369453044357,0.0010568369453044357,0.0010568369453044357,0.0010568369453044357,3.095975232179568e-07,-3.2352941176500265e-06,-2.9961300309603364e-05,6.681630546955062e-05,-1.325335397317235e-05,-8.929308565533553e-06,-1.968524251808176e-06,-2.533539731683007e-05,5.276057791531348e-06,0.00010480908152734497,-4.195046439631244e-06,1.4783281733728778e-06,5.5830753353948e-06,0.0014373400412796625,1.2461300309595186e-05,1.1078431372545626e-05,-5.722394220846784e-05,-9.920020639838214e-06,0.0003546775025799753,0.0010580392156862668,1.8542311661505495e-05,-7.951496388031555e-06,2.6741486068108337e-05,4.305469556243279e-05,-3.452012383903724e-06,-1.8317853457199777e-06,-3.4700722394247208e-06,1.0817853457169724e-05,-1.0799793601653281e-05,-3.334623323014013e-05,-1.1584107327169534e-06,2.8281733746121814e-05,-1.5144478844200757e-06,0.0002528637770897774,7.56914344685214e-05,-1.0675954592366229e-05,-7.543859649125368e-06,-0.0004964009287925803,-0.0010291873065015585,-9.434726522188379e-05,-4.9200206398382004e-06,-1.0417956656350036e-05,-0.00043188596491229147,-0.0003310681114551241,0.00029326109391124245,0.00034670794633642494,-5.3230134158931824e-05,4.8431372549013595e-05,0.0007730701754385854,0.000326013931888539,-0.0007792956656346838,8.34623323012467e-06,0.0004281733746129956
-3.7683178534574655e-05,1.0706914344682083e-05,7.2832817337440455e-06,-4.664602683181066e-06,-2.3787409700727277e-05,8.16305469555998e-06,-6.410732714138851e-05,1.4938080495353369e-05,-5.64499484004494e-06,0.001649050567595449,-0.000602319401444798,-2.678018575853411e-06,-1.0835913312966759e-07,1.6264189886476326e-05,9.63106295149424e-06,0.0014524587203302254,-0.00030765479876161943,-3.381578947368627e-05,0.0005598916408668651,-1.3129514963883347e-05,0.00017778637770897356,-0.000464592363261105,-2.1999484004130805e-05,-6.870227038184356e-05,-3.7564499484046485e-06,1.9901960784310955e-05,2.8121775025734437e-06,-3.455366357069394e-05,-1.615067079465413e-06,4.275025799790454e-06,7.96749226006149e-05,-0.00010086945304438408,3.0082559339501217e-06,0.0010338931888544765,0.001033893188854493,0.001033893188854493,0.001033893188854493,0.001033893188854493,0.001033893188854493,0.001033893188854493,0.001033893188854493,0.001033893188854493,-3.1553147574847444e-06,3.611971104212387e-07,-5.1953044375650705e-05,6.530701754385408e-05,-2.915376677017304e-07,-1.4966460268320573e-05,2.899896800823273e-06,4.1764705882343586e-05,2.791537667691437e-06,9.728070175438349e-05,4.682662538697509e-06,-2.6444788441715595e-06,-1.0319917440680237e-06,0.001388209494324037,9.305985552112827e-06,6.3390092879239e-06,-3.908668730650709e-05,-1.355779153767089e-05,0.00033071465428276053,0.001049192466460261,1.83926728586142e-05,4.832301341587287e-06,1.9925180598552887e-05,4.626418988647879e-05,3.0469556243526916e-06,-8.893188854492426e-06,-4.334365325102136e-07,-2.469040247681008e-06,1.0025799793598631e-05,-5.640608875129424e-05,-6.849845201240771e-06,2.611971104230686e-05,1.1289989680079472e-05,0.00021755675954591817,7.309597523219623e-05,-8.789989680084995e-06,5.188338493289542e-06,-0.00042563725490196973,-0.001031091331269363,-9.257481940145055e-05,1.021155830753062e-05,-1.958204334368257e-06,-0.0003826728586171441,-0.00035939112487101254,0.0002559520123838954,0.00031483230134158463,-4.2889576883389964e-05,4.6780185758507706e-05,0.00078353973168214,0.0002894556243550014,-0.0007541150670794744,5.716202270380881e-05,0.00045753353973167297
-3.6960784313727624e-05,1.4148606811142418e-05,1.3235294117645065e-05,-1.2453560371519746e-05,-2.0399896800832318e-05,1.434468524251606e-05,-8.09029927760635e-05,1.2293601651184195e-05,-1.1259029927763618e-05,0.0017709597523219685,-0.0007250438596491339,-1.396800825593657e-05,7.515479876159031e-06,2.5276057791533135e-05,1.3771929824558373e-05,0.0015104540763673756,-0.00038171310629515984,-4.195046439628815e-05,0.0006641563467492187,-1.0260577915378096e-05,0.00017103973168214196,-0.0005641821465428402,-1.6168730650157562e-05,-6.397574819402233e-05,-3.69969040248325e-06,6.622807017540432e-06,2.170536635706351e-05,-4.5593395252840245e-05,6.759545923629932e-06,1.4871001031988365e-05,8.525799793601121e-05,-2.3330753353984456e-05,1.616615067079113e-05,0.00106024767801856,0.0010602476780185715,0.0010602476780185715,0.0010602476780185715,0.0010602476780185715,0.0010602476780185715,0.0010602476780185715,0.0010602476780185715,0.0010602476780185715,-3.5861713106322135e-06,2.5541795665323143e-07,-6.475232198143105e-05,6.554179566562986e-05,-2.4484004128003025e-06,-8.446852425183235e-06,3.531991744063802e-06,5.926986584106359e-05,5.402476780177242e-06,9.909700722393936e-05,-1.2848297213641485e-06,6.418988648087013e-06,7.716718266251874e-06,0.0014849690402476664,1.569143446852124e-05,1.6096491228066202e-05,-5.042569659443512e-05,-5.771413828691702e-06,0.00035762899896800123,0.001102688338493283,2.578431372548813e-05,2.1671826625354555e-06,2.8735810113516202e-05,3.8779669762638e-05,1.0887512899872536e-06,-1.1790505675956641e-05,2.541279669760442e-06,-2.450980392160228e-06,-8.230134158964883e-07,-5.9641382868944916e-05,-8.668730650157868e-06,2.8026315789466197e-05,4.816821465425348e-06,0.00022016769865840398,6.962074303405253e-05,-2.7347781217767608e-06,8.26883384932712e-06,-0.000533147574819412,-0.0011120897832817452,-9.756191950465029e-05,2.3864809081488615e-06,1.4705882352928842e-06,-0.00040677760577916954,-0.00030850361197111605,0.0002663106295149567,0.0003361532507739889,-3.73684210526375e-05,4.791021671826049e-05,0.0008043059855521043,0.00030604747162022144,-0.0008120381836945441,-5.330237358111903e-06,0.0004388544891640771
-4.597007223942451e-05,1.0149638802887419e-05,1.5482456140348188e-05,-1.2696078431375301e-05,-1.9659442724466892e-05,1.4133126934982431e-05,-0.00012662280701754985,7.007223942206205e-06,-7.843137254928342e-07,0.0017058126934984446,-0.0006124148606811231,-1.1075851393191555e-05,6.437048503609528e-06,1.4491744066044178e-05,1.0833333333330579e-05,0.001484300825593388,-0.0003215892672858737,-3.544117647059073e-05,0.0005641976264189798,-1.831011351909463e-05,0.00021570175438595865,-0.00047805985552116636,-3.0152218782252384e-05,-4.592879256966548e-05,-1.743550051600375e-05,2.491744066047269e-05,-1.6772445820439994e-05,-3.7613519091849726e-05,3.1630546955612685e-06,1.0299277605775245e-05,3.3893188854484686e-05,-0.00011065273477813605,1.7342621259026914e-05,0.0010678482972136093,0.0010678482972136289,0.0010678482972136289,0.0010678482972136289,0.0010678482972136289,0.0010678482972136289,0.0010678482972136289,0.0010678482972136289,0.0010678482972136289,6.140350877190332e-06,-7.626418988651009e-06,-2.5624355005166456e-05,7.05624355005095e-05,6.96594427221104e-08,-1.9473684210528615e-05,-4.620743034058211e-06,-4.3464912280708444e-05,7.657378740962527e-06,0.00010516769865840888,-5.737874097010284e-06,1.0423116615064466e-05,5.2863777089762545e-06,0.0014509907120742946,1.4899380804951666e-05,1.733746130030728e-05,-5.949174406605275e-05,-1.8276573787412344e-05,0.0003572626418988584,0.001057438080495349,2.9796181630545792e-05,-4.801341589269698e-06,3.6674406604744443e-05,4.2053663570687776e-05,-5.227038183696882e-06,1.4525283797708032e-06,-5.43343653251001e-06,6.6847265221847176e-06,1.3431372549015238e-05,-3.082301341589917e-05,3.939628482969772e-06,3.120227038182818e-05,2.4097007223927453e-06,0.00025994324045407234,7.534313725489892e-05,-1.3864809081529355e-05,3.302373580984456e-07,-0.0004997600619195183,-0.0010252786377709083,-9.129256965944871e-05,-5.366357069176448e-07,-7.487100103201368e-06,-0.00044430340557276553,-0.00033815531475749235,0.0003001367389060825,0.00035125386996903533,-5.164602683179137e-05,5.189370485035594e-05,0.0007714473684210426,0.00033191692466459687,-0.0007841950464396391,5.2270381836827876e-06,0.00042572497420019766
-4.567853457172646e-05,1.0872033023734016e-05,1.6646026831783258e-05,-7.837977296184422e-06,-2.0887512899903787e-05,1.709494324045129e-05,-9.808823529412194e-05,9.10732714137991e-06,-3.8132094943262636e-06,0.0017216331269349757,-0.0006163441692466553,-1.0959752321983846e-05,-5.750773993810779e-06,1.5172858617127846e-05,1.544375644994627e-05,0.0014742905056759435,-0.0003076264189886572,-3.121775025800204e-05,0.0006064834881320865,3.353973167968295e-08,0.00018645252837976847,-0.00047216460268318956,-3.094685242518405e-05,-5.2053663570695175e-05,-8.186274509811454e-06,-1.0193498452016779e-05,1.0593395252830613e-05,-3.3132094943242674e-05,-4.176986584109813e-06,3.6016511867856954e-06,6.217750257997597e-05,-7.60887512900009e-05,1.3851909184723872e-05,0.001051124871001021,0.0010511248710010294,0.0010511248710010294,0.0010511248710010294,0.0010511248710010294,0.0010511248710010294,0.0010511248710010294,0.0010511248710010294,0.0010511248710010294,1.287409700719954e-06,2.138802889573889e-06,-4.1940144478849316e-05,6.503095975231646e-05,5.988132094939544e-06,2.272961816303246e-06,4.367905056756232e-06,9.556243550039485e-06,4.0196078431309346e-06,9.55288957688314e-05,3.980908152732268e-06,-6.867905056762201e-06,-6.207430340560323e-06,0.001459997420020634,1.5897832817333068e-05,1.522703818369127e-05,-5.0402476780190154e-05,3.372033023732804e-06,0.00033115583075334814,0.0010213157894736731,8.377192982452451e-06,-1.0616615067082303e-05,1.4865841073268297e-05,3.951754385964632e-05,4.700722394218072e-06,-4.5510835913348e-06,6.707946336153431e-08,-6.880804953563564e-06,-7.0227038183742155e-06,-4.2293601651191646e-05,-9.055727554208286e-07,2.63209494323984e-05,-7.948916408671847e-06,0.00022756707946335704,6.853457172342346e-05,2.2574819401423914e-06,-2.151702786381106e-06,-0.0005052966976264294,-0.0010271491228070256,-7.435500515996524e-05,-1.1413828689374548e-05,-4.95356037154282e-07,-0.0004089189886480986,-0.00031756191950465477,0.00026610681114550266,0.00032003611971103546,-2.935500515996274e-05,4.648864809081096e-05,0.0007461016511867815,0.00029826109391124615,-0.0007678328173374707,-5.812693498462654e-06,0.00040880288957687635
-4.324561403509092e-05,1.2835397316819088e-05,9.197626418986412e-06,-1.0505675954595095e-05,-2.542569659443484e-05,1.153766769865618e-05,-0.00012282765737874632,2.4896800825590683e-05,-3.7951496388059173e-06,0.0016672987616098986,-0.0006310294117647169,-6.633126934986206e-06,5.255417956654329e-06,-2.695046439628833e-05,1.357327141382589e-05,0.0013858126934984411,-0.00035028637770898735,-4.100361197110786e-05,0.0005989912280701696,-1.4992260061922648e-05,0.00018856553147574267,-0.0005019427244582139,-2.3622291021674693e-05,-4.912280701754911e-05,-2.3323013415947613e-06,3.4752321981382835e-06,7.172342621195905e-07,-4.410732714138629e-05,5.170278637769412e-06,-4.424148606811413e-05,3.576109391124384e-05,-5.950722394222011e-05,1.1924664602679927e-05,0.0009702941176470458,0.0009702941176470596,0.0009702941176470596,0.0009702941176470596,0.0009702941176470596,0.0009702941176470596,0.0009702941176470596,0.0009702941176470596,0.0009702941176470596,-1.0061919504858984e-07,2.5928792569632902e-06,-4.5386996904030804e-05,6.81166150670741e-05,-6.1842105263186075e-06,-1.2027863777091695e-05,-3.4416924664631542e-06,2.5136738906077205e-05,3.05985552114885e-06,9.945562435500262e-05,-3.717750258000344e-06,-1.7079463364324914e-06,5.624355005157946e-06,0.0013960371517027755,1.477554179566418e-05,1.4533023735807324e-05,-4.562177502580528e-05,-9.202786377712335e-06,0.0003479798761609862,0.0010018575851393112,1.5990712074300797e-05,-7.876676986587209e-06,2.178534571723183e-05,3.657120743033853e-05,-3.168214654284806e-06,-1.540247678021283e-06,3.1449948400391874e-06,-3.6248710010345665e-06,-4.976780185763068e-06,-4.195562435501321e-05,-9.90712074305962e-07,2.79566563467417e-05,-3.0856553147604656e-06,0.00023028121775025157,6.871517027863408e-05,-7.4226006191975905e-06,-2.3374613003117935e-06,-0.0005320227038183812,-0.0010498839009288052,-0.00010588751289990423,-6.003611971106253e-06,-5.518575851395794e-06,-0.0004047291021671935,-0.0003158436532507856,0.0002705804953560308,0.00033136222910216213,-5.133900928793161e-05,4.941950464395703e-05,0.0007227167182662442,0.0003054643962848245,-0.0007765092879257075,-3.323529411765509e-05,0.0003825361197110303
-3.446852425180924e-05,1.859391124870791e-05,8.996388028893786e-06,-2.359907120743276e-05,-3.969040247678562e-05,1.2100103199172213e-05,-0.00011616873065015956,1.8526831785343773e-05,1.308049535601527e-06,0.0017188106295149552,-0.0006765144478844279,-2.3498452012385906e-05,1.303921568627229e-05,2.3526831785341618e-05,2.4329205366354148e-05,0.0013820614035087529,-0.0003777218782249859,-4.8240454076369996e-05,0.0006354102167182582,-1.3103715170281055e-05,0.0001805804953560323,-0.0005371259029927876,-9.878740970075284e-06,-5.3250773993815566e-05,5.975232198136664e-06,1.89267285861691e-05,3.2884416924657944e-05,-4.940144478844362e-05,5.1006191950451335e-06,1.72729618163009e-05,5.181114551083008e-05,-1.1434468524260458e-05,2.205882352940931e-05,0.0009342776057791394,0.0009342776057791591,0.0009342776057791591,0.0009342776057791591,0.0009342776057791591,0.0009342776057791591,0.0009342776057791591,0.0009342776057791591,0.0009342776057791591,-1.5789473684234192e-06,-1.0028379772964195e-05,-6.606037151703258e-05,6.530959752321054e-05,1.702528379772636e-05,-1.1418988648093315e-05,-4.135706914346884e-06,0.00014574303405571858,-8.833849329211753e-06,0.0001026289989680049,-5.381836945306511e-06,5.379256965941381e-06,9.605263157893033e-06,0.001409004127966968,2.539731682146243e-05,2.447368421052364e-05,-4.507739938081285e-05,-8.818369453046562e-06,0.00036984778121774324,0.0010887822497419944,1.358101135190675e-05,9.809081527345151e-06,1.9066047471617657e-05,3.909442724457841e-05,-4.82456140351098e-06,-7.1207430340578925e-06,-7.432920536637293e-06,5.185758513928966e-06,1.9558823529409845e-05,-5.297729618163657e-05,-4.352425180600798e-06,1.847781217749738e-05,1.0211558307531487e-05,0.00022358359133126246,7.138802889576569e-05,-6.416408668732509e-06,3.6893704850101544e-07,-0.0005692930856553259,-0.0011213106295149744,-0.00012162538699691259,1.0167698658407765e-05,-4.0325077399398866e-06,-0.00034583591331271025,-0.00031880288957689563,0.0002663415892672806,0.0003409236326109332,-4.399638802890125e-05,4.302631578946819e-05,0.0007873503611970992,0.00030632610939111985,-0.0007836506707946458,-3.300825593396343e-05,0.00041777605779152495
-4.5902992776060804e-05,1.409442724457921e-05,1.0332817337458397e-05,-1.2394220846235387e-05,1.0077399380798227e-05,1.1070691434466283e-05,-0.00012343137254902528,2.1068111455105516e-05,-7.654798761614744e-06,0.0015618369453044264,-0.0005110165118679157,-1.1782765737877732e-05,3.516511867902297e-06,3.207172342620853e-05,-5.632094943243361e-06,0.0014868575851393097,-0.00029785087719299587,-2.4494324045411502e-05,0.0005443395252837887,2.6625386996884364e-06,0.0002040841073271374,-0.00041507223942209223,-3.4078947368422745e-05,-8.070175438597196e-05,-2.743292053664125e-05,2.2719298245609237e-05,-2.164344685243137e-05,-2.498710010320174e-05,2.961816305467775e-06,3.0234778121769786e-05,1.9205366357062312e-05,-0.00020635964912281684,-1.3906088751325894e-06,0.0011184984520123753,0.0011184984520123899,0.0011184984520123899,0.0011184984520123899,0.0011184984520123899,0.0011184984520123899,0.0011184984520123899,0.0011184984520123899,0.0011184984520123899,-8.51393188890364e-08,1.364809081524877e-06,-3.157894736842675e-05,7.428792569658723e-05,1.6271929824556754e-05,4.760061919502215e-06,1.7311661506679184e-06,-1.7071723426220417e-05,3.322755417956144e-05,0.0001043679050567578,3.7874097007183343e-06,-6.31062951496732e-06,3.1707946336403947e-06,0.0013093421052631487,-8.353973168218108e-06,-7.162022703821906e-06,-6.268059855521566e-05,6.096491228066393e-06,0.0003414318885448862,0.0008834158926728508,1.767285861710129e-06,1.6736326109388026e-05,1.408668730647298e-06,5.37977296181599e-05,3.328173374610166e-06,-6.0397316821491145e-06,3.5706914344668054e-06,-6.6511867905091546e-06,2.098297213621843e-05,-5.4659442724464165e-05,-3.077915376680689e-06,5.0761093911240625e-05,2.6857585139314962e-05,0.0002456062951496337,8.11068111455089e-05,7.652218782246362e-06,1.1215170278635559e-05,-0.0005800464396284932,-0.0008795330237358207,-8.036119711042795e-05,2.4496904024764272e-05,9.527863777086159e-06,-0.00037505159958721446,-0.00037467750257999186,0.0002832481940144428,0.0003331604747161968,-4.801083591331927e-05,6.38828689370429e-05,0.0005994401444788366,0.0003133797729618112,-0.0006729901960784409,-0.000119721362229111,0.0002693369453044296
-3.82920536635739e-05,1.5430856553145123e-05,1.3418472652216044e-05,-1.538699690402769e-05,-1.958978328174153e-05,1.4352425180596488e-05,-8.31062951496429e-05,1.6958204334362225e-05,3.423632610936086e-06,0.001777487100103189,-0.0007313261093911368,-1.7084623323016792e-05,6.398348813181371e-07,5.0384416924660266e-05,1.1697626418984792e-05,0.0015035345717234125,-0.00038911506707947456,-4.4958720330240875e-05,0.0006706501547987529,-4.0866873065037446e-06,0.00017242260061918913,-0.0005718343653250855,-1.6630546955626524e-05,-6.237100103199944e-05,-2.1465428276632066e-06,-1.4809081527393086e-06,2.3570691434461437e-05,-4.58410732714163e-05,1.6124871001009337e-06,3.633384932920109e-05,8.433694530443235e-05,-2.1646026831798233e-05,1.6999484004124503e-05,0.0010547342621258851,0.0010547342621259064,0.0010547342621259064,0.0010547342621259064,0.0010547342621259064,0.0010547342621259064,0.0010547342621259064,0.0010547342621259064,0.0010547342621259064,6.349329205363168e-06,1.2177502579956753e-06,-6.462074303406357e-05,6.6277089783275e-05,-1.1989164086689992e-05,-3.005675954595617e-06,-9.12796697626712e-06,5.879514963879565e-05,6.689886480902834e-06,0.00010126934984519835,-8.452012383902436e-06,4.3472652218748756e-06,1.2848297213602453e-06,0.0014893059855521033,1.4620743034052383e-05,1.6442208462328755e-05,-5.073271413829315e-05,-3.3797729618429383e-07,0.0003626676986584025,0.0010965505675954506,1.3712590299274014e-05,4.0118679050528926e-06,1.7143962848294213e-05,3.865325077399167e-05,-9.445304437567022e-06,-8.771929824831146e-08,1.3312693498434593e-06,2.574819401441643e-06,-9.680082559342584e-06,-5.8452012383909506e-05,2.822497420018567e-06,2.9424664602678997e-05,9.863261093908142e-06,0.00022243034055726947,7.052889576883046e-05,1.911764705879405e-06,4.5975232198115085e-06,-0.0005509674922600689,-0.0011125103199174481,-9.834623323014095e-05,6.150670794631335e-06,2.9489164086661957e-06,-0.000408026315789488,-0.0003075722394220975,0.00026925180598554466,0.00034041795665634136,-3.727296181631418e-05,4.9094427244574315e-05,0.0007954385964912183,0.00030944530443755827,-0.0008128070175438713,-1.9987100103208665e-05,0.00042734520123837924
-2.7443240454080517e-05,1.4690402476777963e-05,4.416924664599371e-06,8.25593395219551e-08,2.329721362222259e-06,6.02167182662248e-06,-8.696852425181057e-05,1.2260061919501259e-05,-3.6842105263197936e-06,0.001614566563467485,-0.000635116099071218,4.1021671826585275e-06,3.397832817335529e-06,1.6847265221823192e-06,7.538699690399445e-06,0.0014530933952528243,-0.0003706553147574919,-2.8268833849331943e-05,0.0005540247678018501,-9.491744066052622e-06,0.00016611197110422528,-0.00051515737874098,-1.574819401445088e-05,-9.161248710010898e-05,-3.918988648096873e-06,1.3906088751283827e-05,-3.4930340557280583e-05,-2.882094943240719e-05,-1.6357069143474196e-06,-6.166150670799345e-06,5.2621259029923036e-05,-5.765737874098391e-05,-6.449948400724659e-08,0.0010495046439628394,0.0010495046439628478,0.0010495046439628478,0.0010495046439628478,0.0010495046439628478,0.0010495046439628478,0.0010495046439628478,0.0010495046439628478,0.0010495046439628478,2.3813209494287935e-06,1.0603715170250366e-06,-5.1836945304443646e-05,6.46207430340497e-05,7.014963880283814e-06,-6.377708978332758e-06,1.831785345692439e-07,-8.400670794634756e-05,2.2355521155824603e-05,8.92285861713079e-05,-3.5603715170702543e-07,-1.135190918514703e-07,8.359133126893941e-07,0.0013634520123838902,5.296697626413788e-06,2.2420020639795854e-06,-3.651444788442277e-05,-2.5051599587245198e-06,0.0003435655314757424,0.0009554308565531393,9.643962848294302e-06,2.1104231166095035e-06,1.0673374613000015e-05,4.379514963879908e-05,1.3673890608429523e-07,7.997936016476172e-07,3.3539731681786304e-07,-2.0046439628521213e-06,1.2941176470583193e-05,-7.009029927761102e-05,7.146542827627007e-07,3.8609391124864046e-05,-5.650154798765659e-06,0.00021450980392156462,6.712848297213306e-05,5.933952528340558e-07,4.434984520119284e-06,-0.0004820820433436646,-0.001047432920536647,-9.178534571724264e-05,-2.4303405572784383e-06,2.159442724454161e-06,-0.0004864499484004258,-0.00029108101135192493,0.00026188596491227715,0.00032989422084622874,-6.206914344685866e-05,5.236842105262648e-05,0.0006919504643962751,0.0003021852425180529,-0.0008192518059855604,-1.5750773993816226e-05,0.00037273993808048436
-1.7378740970074762e-05,8.310113519089399e-06,9.042827657376566e-06,-7.899896800830008e-06,1.4785861713100413e-05,8.673890608872949e-06,-3.7781217750261584e-05,1.3926728586167569e-05,-7.094943240459287e-06,0.001729481424148598,-0.0008661222910216837,-5.1470588235337685e-06,6.855005159956068e-06,1.4029927760572398e-05,1.1767285861708204e-05,0.001612069143446835,-0.0005832249742002155,-3.1119711042314245e-05,0.0006354721362229025,-4.579463364295499e-06,0.00016839009287925293,-0.0007384287925696681,-2.6547987616127797e-06,-0.0001101212590299337,-1.5159958720336025e-05,2.9734262125899556e-05,-2.1145510835918896e-05,-3.0090299277608533e-05,1.1377708978299594e-06,-5.134158926780978e-07,0.00010323529411764183,-2.1395768833863335e-05,-1.2977296181661616e-06,0.0011593240454076227,0.0011593240454076407,0.0011593240454076407,0.0011593240454076407,0.0011593240454076407,0.0011593240454076407,0.0011593240454076407,0.0011593240454076407,0.0011593240454076407,-3.0985552115603103e-06,-8.565531475772555e-07,-7.783281733746931e-05,6.964396284829229e-05,1.4930340557271424e-05,-3.980908152738556e-06,5.549535603711431e-06,6.0928792569647956e-05,3.5010319917433506e-05,0.00010949690402476471,2.5077399380777233e-06,-6.284829721367631e-06,4.207946336425884e-06,0.0013962100103199065,1.0108359133123405e-05,4.210526315785376e-06,-5.1491228070180226e-05,-4.231166150705113e-07,0.0003827915376676933,0.0010592105263157814,1.7169762641895637e-05,2.3013415892630777e-06,1.6308049535600265e-05,5.942982456140023e-05,3.8519091847234125e-06,-5.010319917444703e-06,-4.0505675954799654e-07,-7.174922600623485e-06,2.2162022703813705e-05,-9.377966976264595e-05,-5.087719298247674e-06,4.985810113518514e-05,1.1093911248673087e-06,0.00023046181630546544,8.563209494323685e-05,3.851909184721895e-06,8.87512899896319e-06,-0.00046299019607844074,-0.0011211274509804027,-0.000104011867905064,3.6584107327101295e-06,6.612487100099429e-06,-0.00041404024767803093,-0.00029573013415894016,0.0002867053663570627,0.0003639525283797682,-6.453044375645403e-05,6.089267285861117e-05,0.0007746207430340459,0.0003324896800825528,-0.0008223787409700851,2.400670794632919e-05,0.0004341744066047393
-2.3413312693500773e-05,1.1867905056756793e-05,1.1702786377706378e-05,-3.740970072243577e-06,2.1795665634667845e-05,1.2371001031989117e-05,-7.663570691434848e-05,2.616099071204789e-06,-1.8134674922605596e-05,0.0016549871001031898,-0.0007924561403508884,-4.4272445820457956e-06,2.6960784313689867e-06,-5.872033023741809e-06,2.2365841073268642e-05,0.0015482275541795557,-0.0005053560371517125,-3.155830753354366e-05,0.0005529437564499415,3.2559339525244438e-06,0.00016954334365324591,-0.0006638854489164174,-1.1602167182666245e-05,-9.08565531475814e-05,-1.5028379772968111e-05,-7.739938080539993e-07,-3.608875128999472e-05,-3.227296181630788e-05,3.057275541792177e-06,-1.693756449948911e-05,5.957688338492813e-05,-8.417182662539668e-05,7.244582043340175e-06,0.0011431166150670706,0.0011431166150670784,0.0011431166150670784,0.0011431166150670784,0.0011431166150670784,0.0011431166150670784,0.0011431166150670784,0.0011431166150670784,0.0011431166150670784,-7.223942208505005e-07,4.749742002061862e-06,-4.64447884416996e-05,6.267543859648454e-05,-1.7190402476784366e-05,2.0975232198098756e-06,2.3787409700680006e-06,-4.911764705883576e-05,3.786377708977443e-05,0.0001002089783281692,1.0835913312402974e-07,-7.6083591331300125e-06,2.933436532505558e-06,0.0013802657378740903,2.2022703818366015e-05,1.5933952528375712e-05,-4.9318885448920366e-05,1.8369453044337573e-06,0.0003600464396284796,0.0009644324045407536,1.719814241485807e-05,-6.31320949432768e-06,1.4520123839005528e-05,5.0110939112483436e-05,8.281733746113521e-07,-1.896284829724839e-06,4.370485036116591e-06,-1.4011867905060725e-05,-1.0469556243554619e-05,-6.784313725490985e-05,-1.8704850361225475e-06,4.897058823528835e-05,-4.05572755418377e-06,0.0002301909184726468,7.64654282765715e-05,4.220846233227247e-06,9.275025799790034e-06,-0.0004213493292053736,-0.001028722910216732,-8.952528379773533e-05,-5.340557275545967e-06,7.396800825590312e-06,-0.00045727554179567694,-0.0003084339525283872,0.00028451238390092386,0.0003521568627450921,-6.243292053664156e-05,5.65866873064951e-05,0.0007087719298245537,0.00032706914344684656,-0.0007952399380805062,2.7541279669753352e-05,0.000401104231166142
-4.539215686274805e-05,1.6718266253867462e-05,1.1934984520122014e-05,-1.8568111455110172e-05,-3.804179566564139e-05,1.3944788441690517e-05,-9.332301341589706e-05,2.3286893704847506e-05,-6.17647058823818e-06,0.0018145278637770818,-0.0007144736842105356,-1.8555211558310327e-05,4.520123839007019e-06,7.172342621254452e-06,1.2187822497417272e-05,0.0014545123839009135,-0.00038685242518060863,-5.026831785346058e-05,0.0007106295149638736,-1.1266769865843828e-05,0.00018560113519091193,-0.0005612590299277735,-2.0562435500518905e-05,-7.020897832817801e-05,6.679566563459662e-06,2.78224974200182e-05,3.3869969040241886e-05,-5.390608875129347e-05,2.1155830753081042e-07,1.6976264189845491e-06,8.769349845200777e-05,1.2861197110410755e-05,1.581527347781003e-05,0.0009839164086687157,0.000983916408668734,0.000983916408668734,0.000983916408668734,0.000983916408668734,0.000983916408668734,0.000983916408668734,0.000983916408668734,0.000983916408668734,3.488132094941164e-06,1.0732714138268328e-06,-7.600361197111034e-05,7.121259029927059e-05,1.970846233229789e-05,-1.0232198142417397e-05,-2.329721362232017e-06,0.00013342105263156826,-5.626934984526762e-06,0.00010964138286893355,-1.5686274509832832e-06,-1.0474716202301792e-06,2.002063983486558e-06,0.0014976031991744002,1.367647058823267e-05,1.5735294117644313e-05,-4.330753353973824e-05,-8.299793601653166e-06,0.00039175696594426473,0.0011374097007223836,1.9780701754383177e-05,5.3224974200180315e-06,2.8604231166148505e-05,4.0939112487096497e-05,-2.2007223942231615e-06,-2.316821465430871e-06,-4.901960784339972e-07,-2.7579979360206446e-06,2.502321981423766e-05,-6.655056759546441e-05,6.011351909157841e-07,2.357843137254208e-05,1.169762641898631e-05,0.000233452012383895,7.590815273477358e-05,-4.097007223944314e-06,4.494324045404945e-06,-0.0005971697626419113,-0.001191284829721374,-0.00011878998968008984,1.0750773993805154e-05,9.287925696564725e-07,-0.0003839060887513004,-0.0003155340557275633,0.00028088493292053023,0.00036150412796697156,-4.1692466460275645e-05,4.902992776057054e-05,0.0008212048503611876,0.0003246775025799744,-0.0008419969040247806,-3.7961816305483696e-05,0.0004338080495355952
-4.07404540763703e-05,1.0562435500513891e-05,9.267285861711124e-06,-1.662022703818617e-05,-2.9553663570698694e-05,1.2035603715167785e-05,-7.935758513932367e-05,1.410732714138079e-05,1.1919504643960075e-05,0.001751199690402468,-0.0006660784313725571,-1.4060887512901913e-05,7.1904024767778345e-06,1.6021671826586294e-06,1.9078947368418153e-05,0.0014726006191950391,-0.00033580753353974063,-2.8931888544895265e-05,0.0006307507739938016,-1.0905572755421072e-05,0.000183797729618157,-0.0005117982456140447,-2.2982456140353087e-05,-5.051599587203902e-05,-4.744582043349384e-06,-9.244066047475697e-06,1.7889576883379273e-05,-3.189886480908506e-05,1.0500515995853343e-06,-4.6052631578990914e-06,8.268575851392776e-05,-4.00283797729736e-05,7.760577915374295e-06,0.0010341228070175328,0.0010341228070175437,0.0010341228070175437,0.0010341228070175437,0.0010341228070175437,0.0010341228070175437,0.0010341228070175437,0.0010341228070175437,0.0010341228070175437,8.694530443734139e-07,-3.477812177505148e-06,-4.836945304438189e-05,6.471620227037605e-05,-1.5433436532511988e-05,-7.938596491230193e-06,-6.357069143448366e-06,3.8519091847255375e-05,-2.1310629515032195e-06,9.821981424148335e-05,-1.044375644995146e-05,1.587977296181294e-05,5.175438596488613e-06,0.0014769169246645958,1.7293601651183124e-05,1.2716718266249935e-05,-4.771929824562036e-05,-4.981940144482052e-06,0.0003449999999999955,0.001085995872033012,1.2760577915374742e-05,2.7296181630514886e-06,1.4979360165116732e-05,4.131836945304155e-05,-8.970588235296915e-06,1.6847265221857886e-06,-3.611971104234288e-06,1.5737874097005106e-05,-1.4416924664604602e-05,-4.415376676987406e-05,7.636738906064908e-07,2.2750257997929645e-05,6.424148606774122e-07,0.00022676470588234732,7.053921568627103e-05,-2.192982456143168e-06,4.837461300306704e-06,-0.0005088906088751384,-0.0010840402476780305,-9.059339525284427e-05,3.722910216716075e-06,1.2100103199143807e-06,-0.00040808565531476673,-0.0003125954592363388,0.00026745614035087123,0.000328186274509798,-3.483746130031589e-05,4.4917440660470574e-05,0.0007969582043343545,0.00030243550051599214,-0.0007961996904024878,9.027347781208339e-06,0.00044232456140349836
-3.403508771930076e-05,1.2982456140348507e-05,1.042053663570454e-05,-1.679566563470708e-06,-2.5077399380857464e-06,1.176470588235088e-05,-7.023735810114066e-05,1.3449432404536886e-05,-2.138802889580394e-06,0.0016889241486068044,-0.0006780030959752416,-4.92776057795007e-07,5.8384932920510675e-06,-1.76109391124917e-05,1.715686274505546e-06,0.001505663054695551,-0.000390859133126943,-3.867389060887845e-05,0.0006248116615067021,-7.306501547991182e-06,0.0001753353973168166,-0.0005473194014447985,-2.0926212590302237e-05,-7.997420020640442e-05,-9.489164086693563e-06,1.8421052631525242e-06,-3.012641898865638e-05,-3.911764705882598e-05,5.002579979357337e-06,-3.012125902993523e-05,7.444530443756177e-05,-7.849071207431408e-05,6.4164086687288225e-06,0.0010832404540763556,0.0010832404540763682,0.0010832404540763682,0.0010832404540763682,0.0010832404540763682,0.0010832404540763682,0.0010832404540763682,0.0010832404540763682,0.0010832404540763682,1.7105263157865622e-06,1.498968008254017e-06,-4.5025799793608264e-05,6.597781217749414e-05,-2.1671826625933518e-07,-7.458720330240018e-06,3.6197110423090775e-06,-6.177244582044033e-05,1.91640866873009e-05,9.632094943240184e-05,6.447368421050098e-06,-6.215170278642268e-06,5.799793601649148e-06,0.0014230650154798685,3.14499484003832e-06,4.6671826625355704e-06,-4.506707946337054e-05,-6.351909184729382e-06,0.000359948400412792,0.000982505159958712,2.004385964911987e-05,-7.223942208511511e-07,2.0546955624351545e-05,4.4620743034052245e-05,6.3157894736817505e-06,-8.689370485038574e-06,2.376160990709376e-06,-5.229618163059627e-06,1.5995872032579378e-07,-5.954850361197675e-05,-4.349845201240439e-06,3.725748194013858e-05,2.450980392153723e-06,0.0002255779153766701,7.15273477812149e-05,-3.0263157894769733e-06,6.996904024764335e-06,-0.0005126109391124945,-0.0010861403508772034,-9.948142414861229e-05,-4.7213622291430134e-07,1.7518059855484071e-06,-0.0004845201238390228,-0.00032467492260062833,0.00027454334365324554,0.00034535345717233695,-6.336171310630237e-05,5.270639834880882e-05,0.0007064602683178435,0.0003164086687306453,-0.0008383642930856671,-3.0361197110429124e-05,0.00037342363261093185
-2.4922600619198395e-05,1.1478328173372254e-05,1.0859133126932003e-05,-4.628482972138638e-06,-5.541795665640545e-06,1.1429308565528897e-05,-2.3273993808054817e-05,8.281733746128483e-06,5.650154798731398e-07,0.0016588080495355964,-0.0007215479876161082,-6.289989680086398e-06,1.8653250773968417e-06,9.223426212585668e-06,5.644994840037568e-06,0.001485500515995857,-0.00041267285861713767,-2.8431372549022e-05,0.0006085810113519007,1.7363261093877695e-06,0.00015295149638802283,-0.0005786867905056853,-9.75490196078693e-06,-8.057791537668252e-05,-5.446336429313324e-06,1.8544891640863686e-05,-1.0959752321986448e-05,-2.8353973168217294e-05,1.0835913312402974e-07,1.7814757481934927e-05,0.00011244582043343308,-3.055727554180862e-05,3.3101135190898197e-06,0.0010496671826625264,0.0010496671826625418,0.0010496671826625418,0.0010496671826625418,0.0010496671826625418,0.0010496671826625418,0.0010496671826625418,0.0010496671826625418,0.0010496671826625418,2.747678018571835e-06,1.3338493292023006e-06,-6.478844169247435e-05,5.971620227037452e-05,9.184726522141681e-07,1.367389060884152e-06,-3.3539731682328405e-07,4.8854489164077385e-05,1.567595459235887e-05,9.769349845201018e-05,2.39422084623059e-06,9.958720330199584e-07,9.597523219790488e-07,0.0013758746130030893,5.214138286890532e-06,4.705882352938791e-06,-3.778637770898187e-05,1.5866873064984254e-06,0.00034144736842104794,0.001033702270381828,1.0897832817334573e-05,-1.057791537712599e-07,1.3581011351905883e-05,5.0281217750255654e-05,6.991744066024968e-07,-1.271929824564087e-06,8.333333333305527e-07,5.263157894703531e-07,8.049535603711546e-06,-7.01418988648143e-05,7.146542827631344e-07,3.2966976264184236e-05,1.0915892672855136e-05,0.00020168214654282379,7.502063983487852e-05,3.7796697626385576e-06,9.071207430337482e-06,-0.0004363777089783378,-0.0010959468524251899,-0.00010296439628483403,6.019091847261253e-06,6.901444788439065e-06,-0.00040686016511869063,-0.0003165763673890695,0.00024855005159958197,0.0003211016511867875,-5.754385964912897e-05,4.7358101135183076e-05,0.0007657327141382762,0.000289932920536631,-0.0008022600619195137,3.9109907120735143e-05,0.00043818111455107625
-3.130030959752638e-05,1.130030959752091e-05,6.782765737872298e-06,-6.517027863780665e-06,1.661764705881757e-05,7.972136222908358e-06,-5.540247678019082e-05,1.1470588235290742e-05,-9.18730650155148e-06,0.0016781346749225922,-0.0007430727554179652,-3.6893704850400784e-06,3.3178534571698132e-06,1.7956656346699608e-06,7.729618163051502e-06,0.001584638802889564,-0.00044524767801858503,-3.1615067079465925e-05,0.0005973581011351828,-6.581527347784442e-06,0.00017213106295149022,-0.0006075386996904136,-1.7936016511871378e-05,-8.626934984520612e-05,-2.5683694530449514e-05,-9.984520123874734e-07,-3.1937564499489365e-05,-3.0436016511870435e-05,1.3673890608850194e-06,1.2125902992770384e-05,8.530185758513472e-05,-9.884674922601595e-05,7.1052631578922675e-06,0.0011638364293085502,0.0011638364293085621,0.0011638364293085621,0.0011638364293085621,0.0011638364293085621,0.0011638364293085621,0.0011638364293085621,0.0011638364293085621,0.0011638364293085621,-3.921568627454413e-06,3.2636738906066057e-06,-5.163312693499088e-05,6.360423116614491e-05,-1.1062951496393011e-05,-5.392156862748599e-06,3.307533539728593e-06,-2.985810113520157e-05,3.5025799793596095e-05,0.00010557017543859327,3.2094943240429646e-06,-2.5335397316858695e-06,2.843137254898839e-06,0.0013981088751289904,7.128482972133983e-06,7.373581011347729e-06,-6.0348297213627406e-05,-2.94117647059184e-06,0.0003587487100103143,0.0010168188854489078,1.4259545923629843e-05,2.3400412796660813e-06,1.663828689370218e-05,5.363003095974978e-05,2.9205366357044123e-06,-2.1542827657410318e-06,1.398348813207162e-06,-7.396800825597467e-06,-8.119195046443848e-06,-6.815015479876745e-05,-4.019607843138958e-06,4.779411764705473e-05,2.683178534539435e-07,0.00022779411764705347,8.109907120742868e-05,-1.4189886481216947e-07,5.6553147574779205e-06,-0.0004505572755418045,-0.0010509907120743144,-9.668988648091304e-05,9.829721362194632e-07,2.6470588235256304e-06,-0.00044853973168215624,-0.0003314628482972218,0.00027823271413828215,0.0003456965944272409,-6.45872033023802e-05,5.664860681113982e-05,0.0007423323013415802,0.00031879772961815973,-0.0008011842105263272,1.9447884416917e-05,0.00041430856553146666
-3.877192982456516e-05,1.844685242517784e-05,1.1057791537664704e-05,-1.8199174406607855e-05,-4.512383900929541e-05,1.374355005159724e-05,-0.00010907636738906627,2.6091331269347245e-05,-2.1362229102202517e-06,0.0017792208462332204,-0.0007216795665634795,-1.8224974200209063e-05,8.351393188852328e-06,2.28457172342573e-05,2.4827141382865753e-05,0.0013908617131062817,-0.00041910732714139313,-4.158410732714381e-05,0.0007142363261093826,-1.2141382868939695e-05,0.00018028379772961267,-0.0005816408668730772,-1.0023219814245428e-05,-6.788957688339198e-05,1.4006707946331333e-05,7.321981424144881e-06,4.468266253869219e-05,-4.330495356037376e-05,3.163054695560401e-06,4.499484004124362e-06,6.693240454075985e-05,2.0381836945289854e-05,1.360423116614825e-05,0.0009242879256965778,0.0009242879256965962,0.0009242879256965962,0.0009242879256965962,0.0009242879256965962,0.0009242879256965962,0.0009242879256965962,0.0009242879256965962,0.0009242879256965962,6.604747162001438e-07,-5.794633642932983e-06,-8.416924664603285e-05,7.125902992775315e-05,-9.220846233233115e-06,-1.2936016511871365e-05,2.2445820433152248e-07,0.00020454850361196,-1.1671826625392259e-05,0.00011528379772961423,1.4705882352907158e-06,4.117647058820466e-06,5.982972136220127e-06,0.0014382533539731603,2.3165634674920162e-05,1.8562951496385767e-05,-3.692982456140895e-05,-1.340299277605996e-05,0.0003946904024767772,0.001114153766769859,2.1099071207427442e-05,2.0149638802868363e-06,2.5399896800823007e-05,4.511609907120349e-05,9.287925696569062e-07,-8.81578947368642e-06,-5.317337461302734e-06,-9.907120743068293e-07,-3.0856553147608993e-06,-6.915892672859289e-05,-4.393704850363294e-06,1.8844169246637604e-05,3.6197110423077765e-06,0.00022603199174405777,8.093395252837697e-05,-1.2768317853460156e-05,-2.3348813209525185e-06,-0.0006405882352941298,-0.00119323013415894,-0.00013900928792570568,2.2549019607805143e-06,-9.478844169248874e-06,-0.00033260061919505955,-0.0003201676986584233,0.00027283023735809537,0.0003578611971104175,-4.743550051600296e-05,4.6547987616094456e-05,0.0007937977296181556,0.00031748452012383315,-0.000815828173374623,-7.522187822498871e-05,0.00040168988648089585
-3.9347265221881256e-05,1.43704850361164e-05,1.1558307533536885e-05,-6.248710010323686e-06,3.2843137254840588e-06,1.2933436532505584e-05,-8.979360165119145e-05,3.7848297213588424e-06,-1.0982972136226211e-05,0.001634259545923623,-0.0006315454076367489,-6.4628482972174574e-06,2.623839009284999e-06,1.251547987615861e-05,2.3980908152731236e-05,0.0014835319917440547,-0.000361468008255943,-3.739422084623675e-05,0.0005368524251805912,2.440660474713587e-06,0.00017564499484003628,-0.0005090454076367486,-2.683178534571961e-05,-8.464138286894e-05,-9.736842105271572e-06,1.2546439628477717e-05,-4.5510835913318073e-05,-3.7590299277609094e-05,-1.5170278637782666e-06,-9.037667698662353e-06,5.2466460268313624e-05,-8.747420020641019e-05,2.248452012383606e-05,0.0010813828689370366,0.0010813828689370498,0.0010813828689370498,0.0010813828689370498,0.0010813828689370498,0.0010813828689370498,0.0010813828689370498,0.0010813828689370498,0.0010813828689370498,-1.3157894736869416e-06,-2.118163054698821e-06,-4.245872033024293e-05,6.519349845200651e-05,6.965944271972516e-08,2.141382868932947e-06,2.5773993808026526e-06,-0.00012710526315790147,2.4076367389054987e-05,9.759545923632433e-05,4.290505675951092e-06,-2.0206398348818384e-05,6.088751289962113e-07,0.0013913493292053549,2.6225490196075084e-05,2.5180598555208517e-05,-3.9659442724463475e-05,2.801857585135476e-06,0.00034515221878224497,0.0009494349845201181,1.3405572755415332e-05,-1.804437564499866e-05,1.3080495356033485e-05,4.724200206398057e-05,3.795149638800713e-06,-6.13261093911706e-06,-3.666150670797062e-06,-1.828173374613393e-05,5.131578947363807e-06,-6.162796697626975e-05,-4.522703818371932e-06,4.062177502579334e-05,-5.392156862790883e-07,0.00022418730650154315,7.382094943240232e-05,4.404024767798009e-06,5.69401444788049e-06,-0.0004319969040247774,-0.0010517105263158,-9.16279669762694e-05,-9.424664602687618e-06,5.023219814236958e-06,-0.0005188983488132216,-0.0003104953560371642,0.00027158668730649415,0.0003364138286893652,-6.670536635707642e-05,5.383126934984045e-05,0.0006961661506707864,0.00031132352941175886,-0.0008381114551083702,1.7559339525273672e-05,0.0003903818369452956
-3.3072755417958965e-05,1.2445820433434115e-05,1.1091331269347639e-05,-1.0933952528382205e-05,-3.452270381837505e-05,1.133642930856377e-05,-3.920020639835379e-05,1.024767801857283e-05,4.437564499481595e-06,0.0016413312693498378,-0.0006661042311661616,-6.955624355008128e-06,2.376160990709376e-06,2.187822497417679e-06,6.635706914342445e-06,0.0014247987616098955,-0.0003716537667698737,-2.3875128998971252e-05,0.0006656733746129941,-1.5304437564502265e-05,0.000166266769865836,-0.0005282120743034125,-1.559855521156067e-05,-5.982198142415315e-05,-7.920536635769478e-07,1.6682146542825252e-05,1.7234262125897463e-05,-2.365325077399662e-05,1.8833849328974556e-07,3.7435500515952628e-06,0.00010557017543859305,-1.795665634675772e-05,8.439112487097604e-06,0.0009775567595459115,0.0009775567595459226,0.0009775567595459226,0.0009775567595459226,0.0009775567595459226,0.0009775567595459226,0.0009775567595459226,0.0009775567595459226,0.0009775567595459226,-2.456140350878995e-06,4.979360165096539e-07,-6.969556243550685e-05,6.360423116614534e-05,1.44504643962819e-05,-1.2628998968010948e-05,3.578431372546799e-06,0.00019309855521154953,-5.152218782254053e-06,0.00010553147574819113,3.9473684210502e-06,1.1803405572752149e-05,1.2177502579952416e-06,0.0013354592363260982,8.124355005157194e-06,8.942208462329928e-06,-4.027347781218214e-05,-7.990196078433041e-06,0.0003388906088751232,0.0010818163054695526,1.9716202270379183e-05,-7.997936016536887e-07,2.1426728586167914e-05,5.321465428276273e-05,4.445304437562456e-06,-7.835397316823195e-06,9.287925696575567e-07,9.909700722392223e-06,1.6369969040245635e-05,-6.051857585139854e-05,-5.56759545923915e-06,2.0743034055720633e-05,8.005675954589559e-06,0.00020408926728585682,8.111971104230896e-05,-2.549019607845423e-06,1.1403508771928124e-05,-0.0005301496388028992,-0.0010631217750258085,-0.0001140402476780232,4.765221878222283e-06,4.1640866873032464e-06,-0.00028427244582044167,-0.00032585655314758787,0.00024140608875128583,0.0003103302373580969,-4.917956656347311e-05,4.3361713106289303e-05,0.0007894324045407556,0.00027731940144478306,-0.0007196671826625511,-8.980908152744424e-06,0.0004296955624354939
-4.6230650154801276e-05,1.1816305469554162e-05,4.4530443756420155e-06,-9.73942208462651e-06,-3.0023219814251118e-05,5.340557275539679e-06,-9.977812177503105e-05,1.010577915376283e-05,-3.2662538699715186e-06,0.0017340634674922507,-0.000634365325077409,-9.889060887515204e-06,3.1114551083569024e-06,-2.6168730650158456e-05,2.135448916408436e-05,0.0014317776057791477,-0.00032544117647060125,-4.420278637771156e-05,0.0006327270381836867,-1.8178534571726282e-05,0.00018551083591330673,-0.0004900773993808142,-2.6942724458206817e-05,-5.112745098039863e-05,-1.0629514963929852e-06,1.5541795665630813e-05,1.2056243550045455e-05,-4.6271929824564205e-05,-2.6857585139342718e-06,-1.6339009287928696e-05,6.372291021671363e-05,-4.04489164086818e-05,9.481424148604029e-06,0.0009979437564499368,0.0009979437564499464,0.0009979437564499464,0.0009979437564499464,0.0009979437564499464,0.0009979437564499464,0.0009979437564499464,0.0009979437564499464,0.0009979437564499464,-3.2094943240486024e-06,5.340557275516477e-07,-5.0201238390100347e-05,6.904540763673318e-05,8.18369453044047e-06,-2.0528895768836836e-05,9.287925696566893e-07,2.5686274509793827e-05,-5.727554179646259e-07,0.00010120485036119414,4.78586171310429e-06,-9.391124871033305e-07,7.223942208439953e-07,0.001461323529411757,1.96929824561379e-05,1.5123839009286008e-05,-4.453044375645702e-05,-1.8550051599589825e-05,0.00034589009287925047,0.0010408384932920423,1.9058307533536363e-05,6.82146542827335e-06,2.2889576883382756e-05,3.825593395252584e-05,3.4210526315759434e-06,-4.914860681116831e-06,-2.7812177502601915e-06,-2.8663570691474932e-06,1.6576367389057895e-05,-4.5175438596497825e-05,-4.16666666666946e-06,2.566047471619674e-05,9.442724458177607e-07,0.0002274690402476738,7.065531475747961e-05,-1.3049535603718498e-05,6.191950464363473e-07,-0.0005240221878225074,-0.00108859907120744,-9.370743034056413e-05,4.166666666664256e-06,-6.222910216722045e-06,-0.0004198529411764797,-0.0003101470588235443,0.00026855779153766137,0.00032956656346748827,-3.923890608875831e-05,4.8738390092873795e-05,0.0007592053663570573,0.00030399122807016994,-0.0008054747162022811,-1.2456140350888129e-05,0.0004129772961816245
-2.827915376677338e-05,1.2409700722391254e-05,8.650670794630366e-06,-9.342105263162193e-06,7.494840041274205e-06,9.92518059855286e-06,-7.686274509804405e-05,5.11351909184346e-06,-5.1934984520167655e-06,0.0016280108359133013,-0.0006965299277605884,-1.238648090815561e-05,2.280701754382589e-06,-2.6189370485041764e-05,1.5361197110419543e-05,0.0014667363261093806,-0.00041178018575852276,-3.667698658411044e-05,0.0005734674922600537,8.996388028891834e-06,0.00016587203302373009,-0.000567719298245623,-1.5492776057793962e-05,-7.985810113519563e-05,-6.390608875132819e-06,2.9202786377704147e-05,-3.476522187823017e-05,-3.626160990712339e-05,2.2574819401421746e-06,-3.8480392156868635e-05,6.0007739938075164e-05,-6.672600619195886e-05,9.006707946333705e-06,0.0010619349845201118,0.0010619349845201302,0.0010619349845201302,0.0010619349845201302,0.0010619349845201302,0.0010619349845201302,0.0010619349845201302,0.0010619349845201302,0.0010619349845201302,2.1001031991717527e-06,4.533023735806647e-06,-4.708720330237875e-05,6.086687306500714e-05,1.2056243550047623e-05,9.396284829717811e-06,6.94014447882212e-07,-4.938596491228884e-05,2.64912280701678e-05,9.358359133126732e-05,2.4716202270346453e-06,3.998968008250229e-06,1.9272445820404764e-06,0.001368937048503601,1.293085655314349e-05,1.0098039215681752e-05,-3.982972136223721e-05,8.795149638800943e-06,0.00034802631578947007,0.0009494865841073166,8.882868937044701e-06,-3.60681114551422e-06,1.0105779153763046e-05,4.452786377708647e-05,1.9762641898838328e-06,-1.6692466460294878e-06,5.007739938078272e-06,-9.236326109435603e-07,2.114035087718907e-05,-6.123839009288586e-05,6.707946336404966e-07,4.058823529411171e-05,-4.6336429308613085e-06,0.00021816821465427821,7.000257997935924e-05,7.96181630546562e-06,7.3968008255905285e-06,-0.00045925180598556034,-0.0010547187822497568,-9.79669762641959e-05,-4.450464396287511e-06,7.174922600616113e-06,-0.00046416408668731746,-0.00030966202270382714,0.0002680159958720267,0.0003363854489164034,-6.561919504644497e-05,5.13493292053622e-05,0.0006916615067079392,0.000309393704850358,-0.0008115067079463474,-2.2626418988728678e-06,0.0003788312693498372
-4.516769865841371e-05,1.2969556243548012e-05,1.2120743034053569e-05,-5.848813209497275e-06,-1.7342621259033852e-05,1.286119711042138e-05,-0.00012384158926729118,1.888544891640487e-05,-9.029927760845387e-08,0.0016618008255933885,-0.0005938493292053709,-4.8323013415918405e-06,1.4344685242500231e-06,8.797729618131161e-07,1.2724458204331664e-05,0.0014638390092879157,-0.00031277089783282586,-4.347781217750482e-05,0.0005573194014447808,-1.1179050567597468e-05,0.0002010216718266191,-0.00046476780185759296,-3.151960784313957e-05,-4.80933952528447e-05,-1.301083591331723e-05,1.7649638802886463e-05,-2.825851393189636e-05,-4.5841073271416085e-05,3.48297213620093e-07,-4.747162022707575e-06,2.847781217749654e-05,-0.00010767801857586388,8.570691434465734e-06,0.0010594014447884307,0.0010594014447884478,0.0010594014447884478,0.0010594014447884478,0.0010594014447884478,0.0010594014447884478,0.0010594014447884478,0.0010594014447884478,0.0010594014447884478,2.4561403508742245e-06,-1.1068111455123705e-06,-2.4169246646033125e-05,6.900154798760881e-05,-9.780701754389439e-06,-1.0985552115586137e-05,-1.1274509803948108e-06,-6.951496388029818e-05,8.968008255929617e-06,9.626418988647762e-05,-3.875128998969898e-06,-2.110423116617093e-06,7.920536635682741e-07,0.0014209442724458102,1.3400412796695264e-05,1.1550567595456458e-05,-5.2809597523224925e-05,-9.176986584109826e-06,0.00034036893704849887,0.001012494840041271,1.2164602683175773e-05,-2.474200206401293e-06,1.9935500515994107e-05,3.5392156862741955e-05,-3.5990712074327087e-06,-4.316305469558371e-06,-3.070175438621512e-07,1.05005159958425e-06,3.7770897832781983e-06,-3.190660474716896e-05,-6.166150670818427e-07,3.172600619194424e-05,-8.428792569662672e-06,0.0002429411764705825,6.695562435500178e-05,-8.11919504644233e-06,-7.151702786380252e-06,-0.00047437048503613105,-0.0009989783281733845,-9.167698658411145e-05,-6.705366357071928e-06,-8.436532507742666e-06,-0.000452053663570701,-0.0003255650154798846,0.00028250773993807607,0.000334259545923627,-5.807017543860279e-05,5.149122807017025e-05,0.0007413777089783176,0.0003145433436532461,-0.0007738570691434568,1.0804953560359688e-05,0.00041257481940143535
-4.616873065015764e-05,1.6929824561401526e-05,5.0722394220827e-06,-9.827141382871569e-06,-7.187822497425715e-06,7.533539731680028e-06,-0.00010200980392157354,1.4334365325074623e-05,-1.1207430340560553e-05,0.0015884184726522128,-0.0005499716202270457,-1.00773993808069e-05,9.834881320947226e-06,1.8065015479872427e-05,1.8506191950462417e-05,0.0014716382868936928,-0.00029975490196079355,-3.697110423116906e-05,0.0005218034055727481,2.340041279667599e-06,0.00019276057791537196,-0.000436246130030969,-3.388802889577112e-05,-7.383126934985005e-05,-1.9633642930860697e-05,1.373323013415537e-05,-3.750257997936577e-05,-3.9943240454078707e-05,5.227038183692112e-06,5.833333333328181e-06,3.816047471619883e-05,-0.00013837977296182573,1.1607327141381326e-05,0.0010881346749225928,0.0010881346749226038,0.0010881346749226038,0.0010881346749226038,0.0010881346749226038,0.0010881346749226038,0.0010881346749226038,0.0010881346749226038,0.0010881346749226038,4.063467492257259e-06,-6.124871001034465e-06,-2.9068627450986716e-05,6.641640866872573e-05,-1.2796697626422807e-05,-1.1300309597545195e-06,-2.0717234262151735e-06,-0.00010767285861714142,1.5307017543854818e-05,0.00010110423116614772,3.3307533539700916e-06,-5.9442724458249295e-06,8.800309597520794e-06,0.0013577605779153696,1.8531991744063408e-05,1.6326109391121262e-05,-4.776573787410249e-05,-5.1031991744085285e-06,0.0003283255933952487,0.0009632868937048443,1.4063467492256851e-05,-6.999484004129898e-06,1.827915376676685e-05,4.0683694530441314e-05,2.3735810113331875e-07,-4.458204334368155e-06,-3.9086687306524e-06,-8.944788441695925e-06,-1.6021671826653514e-06,-4.908926728586704e-05,-4.3859649123071526e-07,3.4385964912274705e-05,-9.029927760581926e-06,0.00023412796697625795,7.25438596491199e-05,-7.961816305471691e-06,-2.4587203302404385e-06,-0.00041753611971105144,-0.0009640608875129087,-8.337203302374169e-05,-8.949948400415126e-06,-7.38648090815603e-06,-0.0004682739938080575,-0.0003334855521155951,0.0002735319917440602,0.00032411248710009777,-5.7796697626424226e-05,5.1163570691429346e-05,0.0007098245614035005,0.0003053586171310584,-0.0007644272445820541,3.243550051598709e-05,0.00040455366357068125
-3.8085655314761425e-05,1.3493292053660608e-05,1.1532507739935244e-05,-1.3013415892675854e-05,-2.735036119711669e-05,1.3219814241483127e-05,-0.00010862745098039759,8.766769865838075e-06,1.4164086687272915e-06,0.0017243859649122718,-0.0006478998968008362,-1.1715686274512511e-05,4.143446852423408e-06,2.0799793601645935e-05,1.7990196078429164e-05,0.0014299432404540659,-0.00036730134158927553,-3.732456140351161e-05,0.0006155933952528281,-3.7822497420045547e-06,0.00019258513931888184,-0.0005189809081527436,-1.8387512899899552e-05,-6.2303921568634e-05,2.685758513927116e-06,-4.006707946340414e-06,3.45975232197461e-06,-3.7226522187825545e-05,1.741486068109789e-06,6.836945304432903e-06,5.3679050567590966e-05,-3.423116615068611e-05,1.6855005159955227e-05,0.0009918343653250684,0.0009918343653250725,0.0009918343653250725,0.0009918343653250725,0.0009918343653250725,0.0009918343653250725,0.0009918343653250725,0.0009918343653250725,0.0009918343653250725,3.310113519089386e-06,2.8405572755389134e-06,-5.8516511867909814e-05,7.174148606810477e-05,-9.723942208465872e-06,-2.9308565531508367e-06,-6.896284829723551e-06,4.8250773993797555e-05,3.2662538699624113e-06,0.00010427502579979093,-2.2807017543886605e-06,8.895768833845413e-06,3.0959752321951806e-06,0.0014285758513931796,2.1816305469553755e-05,2.13003095975192e-05,-4.195046439628945e-05,-7.223942208832435e-08,0.0003692466460268264,0.0010534184726522086,1.4478844169244984e-05,3.124355005155663e-06,1.7017543859647018e-05,4.647316821465076e-05,-5.234778121777526e-06,-1.4473684210561562e-06,2.223942208459456e-06,6.385448916404728e-06,-7.585139318890682e-06,-5.498710010320724e-05,1.1119711042278848e-06,3.0051599587196855e-05,5.211558307529956e-06,0.00023594169246645303,7.634416924664177e-05,3.9009287925672025e-06,6.599587203299801e-06,-0.0005515557275541901,-0.0011211558307533632,-0.00011843653250774577,4.631062951493143e-06,6.243550051597329e-06,-0.00041690402476781373,-0.0003146852425180754,0.0002784623323013359,0.00034744840041279123,-5.69195046439693e-05,5.270381836944456e-05,0.0007592311661506618,0.0003168472652218704,-0.0008211403508772037,-3.2102683178544984e-05,0.0004021465428276482
-4.9290505675957065e-05,1.4943240454075172e-05,9.313725490193471e-06,-7.742518059857852e-06,-2.2541279669767433e-05,1.0572755417954244e-05,-0.00014206914344685583,2.8224974200203668e-05,-3.911248710014494e-06,0.001746292569659435,-0.0006256398348813315,-6.674406604749569e-06,1.6744066047450022e-06,5.5237358101093564e-06,1.4484004127964184e-05,0.0014963828689370361,-0.0003318808049535696,-4.372033023736059e-05,0.0005473400412796632,-5.593395252841225e-06,0.00021301083591330648,-0.000490368937048514,-3.195304437564762e-05,-5.1302889576888746e-05,-1.3041795665638938e-05,8.869969040243555e-06,-1.8867389060894715e-05,-4.7804437564502675e-05,1.726006191948501e-06,5.946852425175314e-06,2.5322497420013964e-05,-0.00011110939112488408,8.152734778119194e-06,0.0010772136222910074,0.0010772136222910243,0.0010772136222910243,0.0010772136222910243,0.0010772136222910243,0.0010772136222910243,0.0010772136222910243,0.0010772136222910243,0.0010772136222910243,3.6609907120709224e-06,-8.255933952780979e-08,-3.401960784314446e-05,7.19556243549968e-05,-8.183694530446541e-06,-7.009803921570901e-06,-1.006191950467467e-06,-6.102683178535462e-05,5.97523219813623e-06,0.00011000773993807768,1.0655314757461887e-06,9.649122806984663e-07,1.9943240454052633e-06,0.0014864551083591266,1.2608359133124605e-05,1.0975232198138628e-05,-5.6493808049542116e-05,-9.06088751290255e-06,0.00037173890608874433,0.0010671878224974129,1.295149638802593e-05,2.7063983488095564e-06,1.62796697626387e-05,4.038957688338161e-05,-5.417956656559274e-08,-3.679050567597774e-06,6.191950464372147e-07,-4.953560371547157e-07,-1.5505675954625032e-06,-3.7567079463366945e-05,-1.754385964933703e-07,3.067595459235826e-05,3.630030959749647e-06,0.00025834365325076844,7.676212590299091e-05,-1.0178018575855057e-05,-5.825593395254692e-06,-0.000486586687306511,-0.0010665505675954692,-0.00010714654282766457,2.70639834880999e-06,-9.367905056761883e-06,-0.000473882868937057,-0.00034238648090816493,0.00030083333333332614,0.0003603147574819331,-6.125386996904845e-05,5.24509803921493e-05,0.0007820330237358012,0.00033638802889576465,-0.0008215892672858724,1.727296181629461e-05,0.00043702270381835995
-2.89318885448957e-05,1.617389060887156e-05,4.914860681112928e-06,4.643962847866029e-08,6.715686274502523e-06,9.11764705882113e-06,-9.49767801857633e-05,1.1176470588231038e-05,1.4339525283794258e-05,0.0016106656346749123,-0.0006268472652218859,5.763673890604552e-06,3.614551083588142e-06,-2.422858617131575e-05,4.45820433436165e-06,0.001461308049535595,-0.00035959752321982567,-3.561661506708237e-05,0.0005390866873064932,-1.5758513931892534e-05,0.0001721465428276528,-0.0005056811145510926,-1.759545923632911e-05,-8.873323013416359e-05,-6.086171310634714e-06,1.379772961815828e-05,-4.173632610939785e-05,-3.593911248710364e-05,-3.013415892676695e-06,-1.7654798761616505e-05,4.480392156862214e-05,-7.793601651187847e-05,-8.877708978333523e-06,0.0010650644994839899,0.001065064499484008,0.001065064499484008,0.001065064499484008,0.001065064499484008,0.001065064499484008,0.001065064499484008,0.001065064499484008,0.001065064499484008,4.6955624354678635e-07,-1.8937048503657808e-06,-4.404024767802432e-05,6.546439628482429e-05,8.482972136218507e-06,-1.5203818369456928e-05,1.978844169244192e-06,-0.00011233488132095931,2.6597007223936025e-05,8.961558307533164e-05,2.708978328134354e-07,1.4251805985548115e-05,7.327141382834808e-07,0.0013709004127966887,-1.6795665634724427e-06,-6.638286893708226e-06,-3.9530443756456354e-05,-1.0985552115586137e-05,0.00034563209494323406,0.0009437100103199094,1.574045407636438e-05,8.38493292053006e-06,1.3743550051595506e-05,4.4695562435497025e-05,4.2569659442284746e-07,-2.8637770897867003e-06,-4.579463364294848e-06,1.5964912280698722e-05,1.2492260061914076e-05,-6.483230134159438e-05,-2.107843137258685e-06,4.2505159958712915e-05,6.888544891595419e-07,0.0002204669762641857,6.802631578947172e-05,-3.862229102170704e-06,1.076109391124399e-05,-0.00047415118679051786,-0.0010296697626419092,-9.006191950464929e-05,5.75077399380319e-06,4.006707946332174e-06,-0.0005006320949432486,-0.0002985036119711173,0.00026781733746129464,0.00033470330237357583,-6.426212590299792e-05,5.499484004127227e-05,0.0006832327141382787,0.0003080675954592318,-0.0008176367389060996,-1.4275025799802624e-05,0.0003685139318885342
-4.2053663570694065e-05,1.5154798761607717e-05,1.0825593395249935e-05,-2.1929824561423006e-06,-1.6888544891644885e-05,1.1597007223939889e-05,-9.450980392157384e-05,1.250515995871804e-05,3.2533539731640845e-06,0.0016367647058823445,-0.0005958591331269468,-6.9324045407659785e-06,3.31785345717003e-06,-6.2693498452054755e-06,1.1310629514961479e-05,0.0014350851393188768,-0.00031414344685243463,-4.2270381836947545e-05,0.0005568343653250705,-4.182146542829881e-06,0.00018920536635706536,-0.0004656217750258094,-2.5459236326111703e-05,-5.856037151703245e-05,-7.995356037155711e-06,2.8144994840037952e-05,-1.920536635707402e-05,-4.385964912281023e-05,2.8379772961792046e-06,-7.866357069146856e-06,5.1816305469551665e-05,-6.799535603716454e-05,1.2084623323010924e-05,0.0010260113519091748,0.001026011351909189,0.001026011351909189,0.001026011351909189,0.001026011351909189,0.001026011351909189,0.001026011351909189,0.001026011351909189,0.001026011351909189,5.108359133124693e-06,3.2198142414841847e-06,-3.323529411765206e-05,6.556501547987266e-05,2.562951496387785e-05,-2.7270381836963335e-06,-5.727554179569064e-06,-9.166666666667565e-05,8.588751289982828e-06,9.41202270381815e-05,-1.3441692466478576e-06,4.259545923628949e-06,3.1604747162004756e-06,0.001394754901960774,1.2164602683175556e-05,1.204850361196828e-05,-4.2987616099075376e-05,-4.385964912523993e-08,0.0003335939112487055,0.0009978921568627374,1.3493292053660174e-05,1.0531475748191532e-05,1.830753353972885e-05,3.722652218782034e-05,-3.86222910216962e-06,-2.131062951498232e-06,2.75799793601479e-06,2.4432404540724283e-06,2.829205366356802e-05,-4.1429308565537216e-05,9.932920536615507e-07,3.013415892672228e-05,6.630546955621944e-06,0.00023054953560370768,6.670278637770652e-05,1.8188854489138446e-06,1.764705882350637e-06,-0.00045284829721363527,-0.0010376264189886622,-9.575335397317333e-05,9.277605779151477e-06,1.8214654282742038e-06,-0.0004839112487100205,-0.00029662538699691456,0.0002699742002063941,0.0003242647058823477,-5.5250257997940463e-05,4.8841589267279925e-05,0.0007329566563467399,0.0003027708978328124,-0.0008107559339525392,1.8722910216714163e-05,0.0004111609907120634
-2.994324045407868e-05,9.373065015477397e-06,6.388028895766822e-06,-3.1733746130272085e-07,-3.3978328173459374e-06,6.341589267282741e-06,-4.1385448916411976e-05,1.9935500515994324e-05,4.88906088751042e-06,0.0016165067079463302,-0.0006581501547987742,-1.5763673890641441e-06,1.176470588232963e-06,2.5851393188850748e-05,-1.483488132099451e-06,0.0014697626418988547,-0.0003715815273477932,-4.277863777090037e-05,0.0005690454076367315,-1.36480908152878e-06,0.0001685964912280665,-0.0005272987616099173,-1.7910216718268436e-05,-7.675696594427713e-05,-1.0993292053668082e-05,5.727554179537839e-07,-4.674406604747612e-05,-4.223942208462497e-05,-1.2254901960815235e-06,2.231682146542225e-05,9.416408668730088e-05,-5.795149638804231e-05,-7.1904024767832555e-06,0.0010632946336429161,0.00106329463364293,0.00106329463364293,0.00106329463364293,0.00106329463364293,0.00106329463364293,0.00106329463364293,0.00106329463364293,0.00106329463364293,5.0206398348783335e-06,2.105263157891604e-06,-3.998194014448453e-05,6.106811145510259e-05,-8.54231166151024e-06,-2.2858617131098127e-06,5.675954592328485e-07,-0.00013525025799794674,1.7192982456134317e-05,9.536119711042127e-05,3.3513931888520983e-06,1.075077399380407e-05,-6.630546955648398e-07,0.0013807843137254834,-6.627966976267656e-06,-8.2946336429344e-06,-3.820175438596935e-05,-2.6264189886503458e-06,0.00033490712074302816,0.0009480237358101065,6.114551083587173e-06,1.0510835913309959e-05,8.792569659439283e-06,4.233746130030626e-05,1.8266253869938381e-06,-1.5041279669790724e-06,2.515479876159018e-06,8.45717234261795e-06,-4.3163054695588045e-06,-5.641124871001496e-05,2.087203302370607e-06,3.433436532507229e-05,8.831269349842286e-06,0.00021644220846232754,6.98968008255908e-05,-5.417956656374959e-07,7.378740970069532e-06,-0.0004122187822497526,-0.0010538622291021774,-9.030443756450355e-05,1.063983488131773e-05,3.431372549016296e-06,-0.0005228998968008318,-0.0002882997936016615,0.00026272703818369094,0.00032631836945303926,-6.748452012384464e-05,4.8717750257992656e-05,0.0006984855521155768,0.0003015995872032969,-0.0008402063983488266,2.808307533538803e-05,0.00039593395252837237
-4.409184726522392e-05,1.4992260061918094e-05,1.3144994840039214e-05,-9.620743034058007e-06,-2.8281733746136125e-05,1.4901960784312134e-05,-8.856553147575325e-05,1.6646026831782824e-05,1.2995356037149436e-05,0.0016829953560371438,-0.0006451909184726603,-1.3139834881323049e-05,5.8126934984501855e-06,7.907636738903063e-06,1.0970072239419645e-05,0.0014651057791537601,-0.00033178534571724413,-3.167698658410978e-05,0.0005663003095975165,-6.271929824563883e-06,0.00018366357069142959,-0.0004984468524251899,-2.626160990712315e-05,-5.257739938081124e-05,2.5799793597520992e-08,3.135448916408265e-05,1.3614551083587084e-05,-3.436532507740159e-05,2.9102167182646016e-06,-6.932404540766629e-06,6.105521155830469e-05,-7.338751289990772e-05,3.1011351909167664e-06,0.001029969040247665,0.0010299690402476853,0.0010299690402476853,0.0010299690402476853,0.0010299690402476853,0.0010299690402476853,0.0010299690402476853,0.0010299690402476853,0.0010299690402476853,-2.1775025799812293e-06,-1.6331269349866267e-06,-5.402992776058161e-05,6.628998968007766e-05,2.098813209494045e-05,-4.871001031993326e-06,2.3245614035067447e-06,9.149638802888587e-05,7.352941176403706e-07,9.745098039215419e-05,-3.1346749226018704e-06,1.8748710010317972e-05,4.785861713104615e-06,0.0014085448916408587,7.969556243548215e-06,5.116099071205988e-06,-4.26264189886537e-05,-3.0572755417984654e-06,0.0003372007223942158,0.0010630598555211495,1.2371001031988684e-05,1.159184726521917e-05,1.7007223942206665e-05,4.356037151702547e-05,2.579979360055676e-08,-8.565531475774723e-07,-3.8957688338714207e-07,1.7216202270379285e-05,2.9029927760575473e-05,-4.8232714138291086e-05,-1.1145510835932314e-06,2.5735294117641954e-05,5.634674922598082e-06,0.00022296955624354466,7.145768833849062e-05,-1.2641898864825755e-06,3.2997936016485995e-06,-0.00046191176470589384,-0.0010504076367389157,-9.639060887513349e-05,9.6955624354978e-06,6.217750257980076e-07,-0.0003537667698658518,-0.0003511971104231274,0.0002603044375644949,0.00031898348813209,-4.063467492260511e-05,4.72368421052553e-05,0.0007878379772961706,0.0002931166150670762,-0.0007490841073271529,3.68292053663467e-05,0.0004507533539731571
-3.3470072239424366e-05,1.0812693498448789e-05,4.775541795664154e-06,3.263673890604654e-06,-3.312693498458419e-06,5.376676986581022e-06,-6.539473684210933e-05,1.982714138286509e-05,7.99019607842762e-06,0.0016362770897832756,-0.0006389602683178654,6.421568627448457e-06,3.2017543859623205e-06,-3.041795665640213e-06,7.030443756446186e-06,0.0014712022703818207,-0.00036114809081528275,-3.4816821465431065e-05,0.0005756707946336353,-8.144994840043754e-06,0.00016896542827656794,-0.0005118833849329287,-2.0624355005162756e-05,-8.311919504644383e-05,-7.448400412804219e-06,9.029927760537473e-07,-3.16305469556296e-05,-3.594943240454356e-05,-3.4081527347806524e-06,-8.949948400417945e-06,7.409442724457763e-05,-7.504901960785765e-05,-4.489164086692683e-06,0.0010613157894736715,0.0010613157894736847,0.0010613157894736847,0.0010613157894736847,0.0010613157894736847,0.0010613157894736847,0.0010613157894736847,0.0010613157894736847,0.0010613157894736847,7.55933952525413e-07,-1.5712074303432088e-06,-4.875386996904636e-05,6.494066047471039e-05,2.2445820432870356e-07,-1.0265737874100333e-05,-2.3477812177532306e-06,-7.434726522188764e-05,1.8356553147569604e-05,9.352683178534354e-05,-2.079463364296468e-06,6.571207430336717e-06,-1.1609907121074535e-07,0.0013834958720330155,3.2946336429272305e-06,-8.539731682184141e-07,-3.846491228070735e-05,-9.692982456143513e-06,0.0003449045407636687,0.0009750877192982368,6.274509803918605e-06,2.9360165118641826e-06,9.26728586170939e-06,4.36816305469526e-05,-3.1759545923665342e-06,4.5149638802644e-07,-3.160474716205246e-06,7.905056759540969e-06,2.992776057739177e-07,-6.359391124871518e-05,6.217750257971402e-07,3.645510835912757e-05,-2.376160990714797e-06,0.0002168395252837925,6.938338493291812e-05,-7.2136222910254046e-06,-2.177502579983181e-06,-0.0004503740970072346,-0.0010638957688338556,-9.816563467492925e-05,9.029927760151497e-08,-4.76780185758828e-06,-0.0004845407636739005,-0.00031590557275542903,0.0002637383900928724,0.0003313415892672814,-6.33152734778159e-05,5.165118679050038e-05,0.0007138054695562373,0.0003038622291021624,-0.0008263054695562544,1.194788441691557e-05,0.0003974380804953473
-3.4917440660478354e-05,1.2734778121773534e-05,7.923116615064785e-06,-1.2910216718269073e-05,-3.82997936016565e-05,8.423632610936966e-06,-8.371259029928179e-05,2.423116615066852e-05,-4.50722394221021e-06,0.0016481656346749116,-0.000665552115583088,-1.199690402477042e-05,4.809081527345788e-06,1.3194014447880835e-05,1.3733230134156671e-05,0.00133039215686273,-0.00038162796697627666,-3.8689370485039086e-05,0.0006629669762641816,-1.1609907120744938e-05,0.0001634133126934929,-0.0005339757481940266,-1.0257997936019472e-05,-5.902992776058618e-05,9.213106295143797e-06,5.6501547987578525e-06,3.1160990712068935e-05,-3.9865841073274434e-05,4.290505675952176e-06,4.96130030959289e-06,7.129256965943825e-05,1.4228586171297943e-05,8.97058823529106e-06,0.0008954102167182528,0.0008954102167182644,0.0008954102167182644,0.0008954102167182644,0.0008954102167182644,0.0008954102167182644,0.0008954102167182644,0.0008954102167182644,0.0008954102167182644,6.707946336175115e-08,-2.8379772963734937e-08,-7.013931888545698e-05,6.390866873064172e-05,-2.68317853460015e-07,-1.3093395252840269e-05,-2.2394220846257314e-06,0.00015744066047470532,-8.150154798766858e-06,9.893962848296872e-05,-5.614035087721063e-06,-2.0459236326139663e-06,4.5227038183673785e-06,0.0013415247678018466,1.2368421052628975e-05,1.0518575851391036e-05,-3.426212590300001e-05,-1.309855521156012e-05,0.0003471259029927715,0.0010230598555211459,2.102941176470338e-05,-5.072239422087036e-06,2.741486068111223e-05,3.7272961816302904e-05,-3.818369453046765e-06,-1.6898864809101934e-06,7.223942208437785e-07,-2.5206398348834227e-06,3.289473684207596e-06,-5.872033023736562e-05,-6.991744066068336e-07,1.920794633642354e-05,2.2781217750237476e-06,0.00020460784313724827,6.881320949432123e-05,-1.0644994840044086e-05,-1.764705882356058e-06,-0.0005560810113519185,-0.001105719814241497,-0.00011852167182663199,-1.4396284829759458e-06,-6.63312693498729e-06,-0.0003312487100103293,-0.0002971413828689474,0.00024592363261093314,0.00031813725490195373,-4.34674922600675e-05,4.316821465427667e-05,0.0007370949432404465,0.00028450980392156437,-0.0007678689370485122,-4.3895768833859816e-05,0.0003859210526315701
-4.451238390093125e-05,1.7791537667696464e-05,1.0970072239420078e-05,-1.2502579979362235e-05,-1.2146542827663233e-05,1.2549019607841112e-05,-7.937564499484445e-05,1.688596491227802e-05,2.6522187822456984e-06,0.0016509313725490112,-0.0005982301341589365,-1.2796697626421072e-05,7.020123839006484e-06,2.6212590299273288e-05,1.2502579979357248e-05,0.0015094298245613997,-0.00032492518059856496,-3.9336945304439385e-05,0.0006413544891640788,-1.1042311661530954e-06,0.00017754643962847793,-0.0004717724458204462,-2.8630030959754917e-05,-8.226264189887048e-05,-1.4984520123845473e-05,3.0626934984515986e-05,-3.947368421056488e-06,-4.114035087719476e-05,2.6857585139288508e-06,1.5485036119707897e-05,7.269607843136744e-05,-9.836171310630745e-05,7.590299277602727e-06,0.0010892234262125777,0.0010892234262125922,0.0010892234262125922,0.0010892234262125922,0.0010892234262125922,0.0010892234262125922,0.0010892234262125922,0.0010892234262125922,0.0010892234262125922,-6.179050567597889e-06,-2.461300309598846e-06,-5.4950980392160474e-05,7.44453044375583e-05,2.1217750257995077e-05,-3.560371517052907e-07,1.004901960784078e-05,2.962074303404505e-05,1.5018059855514965e-05,0.00010389060887512646,6.1455108359108335e-06,2.6960784313702878e-06,5.239938080493691e-06,0.0013816795665634604,1.1181630546952407e-05,9.388544891639336e-06,-5.040505675955355e-05,9.055727554145403e-07,0.00034410732714137927,0.0010157430340557187,1.350877192982233e-05,1.7260061919476336e-06,1.3733230134155587e-05,4.567853457172126e-05,8.83126934984272e-06,-1.30882352941202e-05,-3.328173374629248e-07,4.0402476780153265e-06,2.920536635706624e-05,-6.577399380805439e-05,-1.0216718266256326e-05,3.8330753353968666e-05,9.956140350873485e-06,0.0002185165118678981,7.639576883384613e-05,3.1553147574795402e-06,9.796181630543788e-06,-0.0005384468524251909,-0.001012074303405581,-8.81604747162085e-05,6.994324045404192e-06,6.359649122804605e-06,-0.0003874819401444877,-0.0003403457172342743,0.00025931630546955015,0.00032498710010319277,-4.4249226006197375e-05,5.808049535603165e-05,0.0007266073271413728,0.0002961790505675893,-0.0007481140350877307,-3.847781217751131e-05,0.0003800799793601565
-4.697110423116909e-05,1.4551083591329622e-05,6.640866873063164e-06,-8.658410732717732e-06,-1.543601651187278e-05,8.717750257995587e-06,-0.00013240970072239894,1.1215170278634475e-05,-5.6965944272477885e-06,0.0017018034055727473,-0.0005898632610939203,-1.0061919504646263e-05,7.19298245613776e-06,6.506707946332072e-06,2.0946852425177088e-05,0.0014977941176470477,-0.00030822239422085597,-3.960010319917738e-05,0.0005744917440660387,-7.3348813209527484e-06,0.00020372291021671313,-0.00046051857585140653,-3.262125902992992e-05,-5.348039215687019e-05,-1.4143446852430807e-05,6.4834881320920915e-06,-1.7757997936023503e-05,-4.3550051599590325e-05,4.213106295147687e-06,-7.67285861713379e-06,2.7151702786372932e-05,-0.00012894478844170665,7.267801857580806e-06,0.0010838751289989545,0.0010838751289989734,0.0010838751289989734,0.0010838751289989734,0.0010838751289989734,0.0010838751289989734,0.0010838751289989734,0.0010838751289989734,0.0010838751289989734,-2.5799793605110408e-08,-1.8524251806013338e-06,-2.5565015479882096e-05,6.929050567594953e-05,-2.4793601651222283e-06,-7.223942208465324e-06,1.733746130027844e-06,-5.047729618164187e-05,1.0410216718260718e-05,0.00010092105263157522,1.909184726520347e-06,-6.793085655317204e-06,5.887512899894424e-06,0.0014542208462332198,1.952012383900619e-05,1.4027347781214857e-05,-5.339783281734477e-05,-5.890092879258903e-06,0.0003466640866873023,0.0010453379772961766,1.6578947368418905e-05,-9.868421052634498e-06,1.8077915376673572e-05,3.741486068111139e-05,1.934984520121554e-06,-4.489164086689647e-06,2.1413828689116968e-07,-6.5763673890652415e-06,2.8095975232161202e-06,-3.5201238390098356e-05,-2.211042311663948e-06,3.244066047471041e-05,-6.695046439630708e-06,0.00024669762641898194,7.068369453044052e-05,-4.447884416926501e-06,5.882352941144215e-07,-0.000494249226006202,-0.0010034545923632713,-8.713106295150409e-05,-8.808049535607293e-06,-2.9927760577944714e-06,-0.00044130804953561135,-0.00035158668730651127,0.00028672858617130505,0.00033939886480907535,-4.9734262125908715e-05,5.167698658409877e-05,0.0007668111455108231,0.00031908410732713706,-0.0007711842105263267,1.105521155829979e-05,0.0004277786377708927
-4.388286893705108e-05,1.4896800825591524e-05,1.0180598555209345e-05,-8.550051599589582e-06,-1.79514963880331e-05,1.1550567595457325e-05,-0.00011858101135191462,2.4146026831783603e-05,1.0250257997932756e-05,0.0016540634674922523,-0.0005918369453044459,-8.604231166153224e-06,3.934468524250138e-06,-7.734778121777208e-06,1.3841589267283086e-05,0.0014526341589267177,-0.0003138493292053762,-4.351909184726753e-05,0.0005669943240453998,-8.046955624357258e-06,0.00019703560371516415,-0.0004640789473684317,-2.9744582043346197e-05,-4.820691434469096e-05,-1.4729102167188556e-05,1.078947368420729e-05,-2.7946336429313275e-05,-4.624355005160199e-05,-5.495356037179232e-07,-1.2696078431376386e-05,3.277347781217247e-05,-0.00010757481940145298,-4.01444788441954e-06,0.001050033539731667,0.0010500335397316853,0.0010500335397316853,0.0010500335397316853,0.0010500335397316853,0.0010500335397316853,0.0010500335397316853,0.0010500335397316853,0.0010500335397316853,2.373581011349017e-06,-1.8266253869990423e-06,-2.620485036120045e-05,6.552631578946814e-05,-6.911764705886357e-06,-9.24148606811447e-06,-7.35294117649261e-07,-6.487100103200194e-05,7.587719298241067e-06,9.276831785345451e-05,-1.8421052631607641e-06,1.809855521155493e-05,1.9117647058800556e-06,0.0014129308565531415,6.803405572752353e-06,-8.642930856578995e-07,-5.436016511868461e-05,-1.0456656346751088e-05,0.00033794891640866404,0.001001158410732705,1.2628998968005744e-05,1.8808049535572625e-06,1.5980392156860227e-05,3.296955624354676e-05,-1.1403508771959565e-06,-2.110423116618177e-06,-3.1991744066069486e-06,1.7172342621256213e-05,1.5944272445782021e-06,-3.312435500516398e-05,-2.502579979383676e-07,2.9752321981419902e-05,3.3978328173335775e-06,0.00023929824561402932,6.391124871000815e-05,-1.0268317853460041e-05,-3.372033023738225e-06,-0.00048601393188855285,-0.0009917801857585269,-9.100619195047009e-05,1.7956656346716955e-06,-8.0211558307554e-06,-0.0004458952528379875,-0.00032536893704851553,0.0002788622291021634,0.00033118937048502977,-5.7603199174411594e-05,4.8663570691429014e-05,0.0007306940144478748,0.00031117131062951067,-0.0007669659442724542,-4.876160990810105e-07,0.00040188854489163397
-4.044633642931168e-05,1.4491744066045045e-05,9.643962848294952e-06,-1.3439112487102821e-05,-2.8464912280709055e-05,1.0895252837975081e-05,-0.00011475490196079024,1.8916408668728096e-05,-3.1578947368453205e-06,0.0017387151702786298,-0.0006594091847265315,-1.4303405572758986e-05,3.132094943237391e-06,3.831269349839021e-06,1.185500515995478e-05,0.001433359133126923,-0.0003749097007224051,-3.958462332301631e-05,0.0006157043343653192,-3.7719298245644187e-06,0.00019361197110422416,-0.0005283771929824642,-1.989164086687559e-05,-6.403250773994503e-05,5.268317853451571e-06,1.1749226006189158e-05,4.060887512893647e-06,-4.011609907120955e-05,3.353973168211807e-06,-8.219814241489185e-06,5.096749226005809e-05,-2.1382868937058937e-05,1.2404540763670101e-05,0.0009897136222910049,0.0009897136222910172,0.0009897136222910172,0.0009897136222910172,0.0009897136222910172,0.0009897136222910172,0.0009897136222910172,0.0009897136222910172,0.0009897136222910172,4.876160990709708e-06,5.8900928792543494e-06,-6.539215686275157e-05,6.998452012383109e-05,1.4525283797699358e-06,-4.231166150698608e-07,-3.697110423120072e-06,7.065273477811079e-05,1.7569659442667404e-06,0.00010448142414860341,-1.3415892672885826e-06,5.443756449915668e-07,3.552631578944941e-06,0.001433036635706906,1.2930856553145225e-05,1.2786377708975298e-05,-4.100361197111133e-05,3.1295149638776824e-06,0.0003772084623322957,0.0010783952528379704,1.2414860681111972e-05,3.0701754385933228e-06,1.6953044375642374e-05,4.582817337460995e-05,-2.048503611973892e-06,2.427760577912658e-06,4.850361197106983e-06,-9.932920536684896e-07,5.030959752317168e-06,-5.9195046439633556e-05,3.83900928792205e-06,2.7701238390085217e-05,7.337461300305952e-06,0.00023768575851392752,7.598555211558024e-05,5.590815273474794e-06,4.0944272445781e-06,-0.0005516898864809218,-0.001142420020639844,-0.00012429566563468015,6.52476780185437e-06,5.234778121772539e-06,-0.00040817337461301374,-0.00031204850361198164,0.00028128998968007714,0.0003530211558307474,-5.971620227038579e-05,5.010319917440019e-05,0.0007800412796697539,0.0003209752321981364,-0.0008278740970072331,-2.439886480908992e-05,0.0004171130030959664
